date,vix_mean,vix_zscore,vix_delta,fed_rate,fed_rate_delta,fed_rate_delta3,cbr_rate,cbr_rate_delta,cbr_rate_delta3,cpi_russia,usdrub_vol,usdrub_zscore,usdrub_accel,imoex_return,imoex_vol,imoex_drawdown,ofz_spread,ofz_spread_proxy,ofz_spread_filled,bis_credit_gap,news_sentiment,label
2003-01-01,27.424285707019624,,,1.1480000019073486,,,21.0,,,,,,,,0.012524247886210206,,,19.85199999809265,19.85199999809265,,,0
2003-02-01,32.218421032554225,,4.794135325534601,1.1749999523162842,0.026999950408935547,,18.0,-3.0,,,,,,10.9620770545386,0.012725331243962978,,,16.825000047683716,16.825000047683716,,,0
2003-03-01,30.634285699753534,,-1.5841353328006917,1.090000033378601,-0.0849999189376831,,18.0,0.0,,,,,,-4.674642547917218,0.015877595452128305,,,16.9099999666214,16.9099999666214,,,0
2003-04-01,23.991904758271716,,-6.642380941481818,1.1009999513626099,0.010999917984008789,-0.04700005054473877,18.0,0.0,-3.0,,,,,13.581916988884245,0.013536750497265566,19.869351495505626,,16.89900004863739,16.89900004863739,,,0
2003-05-01,20.23952375139509,,-3.7523810068766252,1.0850000381469727,-0.015999913215637207,-0.08999991416931152,18.0,0.0,0.0,,,,,13.875207830096947,0.01310426173548128,22.782482271063976,,16.914999961853027,16.914999961853027,,,0
2003-06-01,20.362380799793062,,0.12285704839797162,0.8379999995231628,-0.24700003862380981,-0.25200003385543823,16.0,-2.0,-2.0,,,,,8.15996960197587,0.020092915404376563,35.61709442095706,,15.162000000476837,15.162000000476837,,,0
2003-07-01,19.16136360168457,,-1.2010171981084916,0.9269999861717224,0.08899998664855957,-0.17399996519088745,16.0,0.0,-2.0,,,,,-5.519936764447564,0.02582603970416389,16.51524066762525,,15.073000013828278,15.073000013828278,,,0
2003-08-01,19.27428572518485,,0.11292212350027953,0.9599999785423279,0.03299999237060547,-0.12500005960464478,16.0,0.0,-2.0,,,,,12.479665349755976,0.012496227568456215,15.119698187284282,,15.040000021457672,15.040000021457672,,,0
2003-09-01,19.53238096691313,,0.2580952417282809,0.9259999990463257,-0.0339999794960022,0.08799999952316284,16.0,0.0,0.0,,,,,6.440082644628098,0.012287508272285972,13.39981122993651,,15.074000000953674,15.074000000953674,,,0
2003-10-01,18.0234783006751,,-1.5089026662380292,0.9319999814033508,0.0059999823570251465,0.004999995231628418,16.0,0.0,0.0,,,,,-8.99120678610943,0.03484135859437781,9.928541208274645,,15.06800001859665,15.06800001859665,,,0
2003-11-01,17.401052575362357,,-0.6224257253127448,0.9079999923706055,-0.02399998903274536,-0.05199998617172241,16.0,0.0,0.0,,,,,3.3870107710355146,0.027978204348201866,0.8358866295541834,,15.092000007629395,15.092000007629395,,,0
2003-12-01,16.826363650235262,,-0.574688925127095,0.9070000052452087,-0.0009999871253967285,-0.018999993801116943,16.0,0.0,0.0,,0.002185015970147028,,,6.184886431621739,0.011523661109576354,0.5806904165478244,,15.092999994754791,15.092999994754791,,,0
2004-01-01,16.100999975204466,,-0.7253636750307955,0.8970000147819519,-0.009999990463256836,-0.034999966621398926,14.0,-2.0,-2.0,,0.002046914578253306,,,7.190456762060182,0.020697247865541245,16.762353964717438,,13.102999985218048,13.102999985218048,,,0
2004-02-01,15.998421167072497,,-0.10257880813196962,0.9269999861717224,0.029999971389770508,0.018999993801116943,14.0,0.0,-2.0,,0.0013939169155220432,,-0.0007910990546249848,7.135866018995141,0.010723681687915853,20.511209212677063,,13.073000013828278,13.073000013828278,,,0
2004-03-01,17.687391198199727,,1.68897003112723,0.9229999780654907,-0.0040000081062316895,0.015999972820281982,14.0,0.0,-2.0,,0.0012929056741595296,,-0.0007540089040937762,9.059534081104381,0.014703707397870646,23.385856862159706,,13.07700002193451,13.07700002193451,,,0
2004-04-01,15.6985715230306,,-1.9888196751691272,0.9520000219345093,0.029000043869018555,0.05500000715255737,14.0,0.0,0.0,,0.002312922267402872,,0.0009190053518808286,-12.853685778108714,0.02223760553145374,3.3417143219908088,,13.04799997806549,13.04799997806549,,,0
2004-05-01,17.704999876022338,,2.0064283529917386,1.0520000457763672,0.10000002384185791,0.12500005960464478,14.0,0.0,0.0,,0.0019150013375737926,,0.000622095663414263,-4.695788386913025,0.028900471756389223,-8.489940083917357,,12.947999954223633,12.947999954223633,,,0
2004-06-01,15.35714290255592,,-2.3478569734664188,1.3029999732971191,0.25099992752075195,0.3799999952316284,13.0,-1.0,-1.0,,0.0005627453334742224,,-0.0017501769339286492,-0.10459469555471612,0.029356607809928405,-17.654068860576455,,11.69700002670288,11.69700002670288,,,0
2004-07-01,15.502380916050502,,0.14523801349458232,1.4119999408721924,0.10899996757507324,0.4599999189376831,13.0,0.0,-1.0,,0.000638711805815103,,-0.0012762895317586895,-5.988706902999031,0.0258071391656709,-10.78908998546677,,11.588000059127808,11.588000059127808,,,0
2004-08-01,16.684090744365346,,1.181709828314844,1.5679999589920044,0.156000018119812,0.5159999132156372,13.0,0.0,-1.0,,0.0006423428527866676,,7.95975193124452e-05,9.242059624908006,0.013544632713750362,3.14875802635426,,11.432000041007996,11.432000041007996,,,0
2004-09-01,14.08095241728283,,-2.6031383270825152,1.6740000247955322,0.10600006580352783,0.3710000514984131,13.0,0.0,0.0,,0.00034728974689311433,,-0.0002914220589219887,11.241989513545004,0.007801611317554634,14.49534223545398,,11.325999975204468,11.325999975204468,,,0
2004-10-01,14.973809560139975,,0.8928571428571441,1.8669999837875366,0.1929999589920044,0.45500004291534424,13.0,0.0,0.0,,0.002154846899108579,,0.0015125040463219114,3.590658396478097,0.02954153634320396,24.074707534931107,,11.133000016212463,11.133000016212463,,,0
2004-11-01,13.577142897106352,,-1.3966666630336224,2.181999921798706,0.31499993801116943,0.6139999628067017,13.0,0.0,0.0,,0.0018514303130098032,,0.0015041405661166888,-9.828269902207065,0.015262222420443628,5.0043780078160385,,10.818000078201294,10.818000078201294,,,0
2004-12-01,12.459545438939875,,-1.1175974581664772,2.181999921798706,0.0,0.5079998970031738,13.0,0.0,0.0,,0.0026048424885232744,,0.00044999558941469535,-3.2483005115985675,0.02835913937995568,-9.485912017327532,,10.818000078201294,10.818000078201294,,,0
2005-01-01,13.43799991607666,,0.9784544771367845,2.421999931335449,0.24000000953674316,0.5549999475479126,13.0,0.0,0.0,,0.00327218267753535,,0.0014207523645255469,4.25917206910289,0.012305460361262354,-8.817398344702742,,10.57800006866455,10.57800006866455,,,0
2005-02-01,11.708947482861971,,-1.7290524332146884,2.690000057220459,0.26800012588500977,0.5080001354217529,13.0,0.0,0.0,,0.002658685572788901,,5.384308426562663e-05,10.358842533087852,0.00923188642113961,11.369714090592176,,10.309999942779541,10.309999942779541,,,0
2005-03-01,13.126363667574795,,1.417416184712824,2.7219998836517334,0.031999826431274414,0.5399999618530273,13.0,0.0,0.0,,0.002065549095440911,,-0.001206633582094439,-5.876798136548212,0.018421788627431667,8.741216465642532,,10.278000116348267,10.278000116348267,,,0
2005-04-01,14.459047589983259,,1.3326839224084637,2.8369998931884766,0.11500000953674316,0.41499996185302734,13.0,0.0,0.0,,0.0028650223084016606,,0.00020633673561275961,-0.6956056451073445,0.013064616784950361,3.786438751432297,,10.163000106811523,10.163000106811523,,,0
2005-05-01,13.967618987673806,,-0.49142860230945296,2.881999969482422,0.04500007629394531,0.1919999122619629,13.0,0.0,0.0,,0.002366166846917263,,0.00030061775147635205,1.6855256954266817,0.014419038800484054,-4.886878086228874,,10.118000030517578,10.118000030517578,,,0
2005-06-01,11.868636348030783,,-2.0989826396430225,3.059999942779541,0.17799997329711914,0.3380000591278076,13.0,0.0,0.0,,0.0019536598795884905,,-0.0009113624288131701,5.976253953534583,0.0066736559246857756,6.96617400385392,,9.940000057220459,9.940000057220459,,,0
2005-07-01,11.049000024795532,,-0.819636323235251,3.3320000171661377,0.2720000743865967,0.49500012397766113,13.0,0.0,0.0,,0.002360826745044583,,-5.340101872679942e-06,9.47998374949217,0.010657000531291068,17.141763398453435,,9.667999982833862,9.667999982833862,,,0
2005-08-01,12.951304394265879,,1.9023043694703468,3.430000066757202,0.09800004959106445,0.5480000972747803,13.0,0.0,0.0,,0.004510306243216559,,0.0025566463636280687,11.936059373438956,0.01061313973166569,27.39229707646571,,9.569999933242798,9.569999933242798,,,0
2005-09-01,12.628095263526554,,-0.32320913073932545,3.4700000286102295,0.039999961853027344,0.4100000858306885,13.0,0.0,0.0,,0.0035288222166132838,,0.0011679954715687006,13.798643341663697,0.017573397097981388,35.21468646459483,,9.52999997138977,9.52999997138977,,,0
2005-10-01,14.937618982224237,,2.309523718697683,3.805000066757202,0.33500003814697266,0.47300004959106445,13.0,0.0,0.0,,0.002424786837195987,,-0.0020855194060205723,-5.600000000000005,0.030814319570814055,20.134702715102648,,9.194999933242798,9.194999933242798,,,0
2005-11-01,12.147619111197335,,-2.789999871026902,3.8570001125335693,0.05200004577636719,0.4270000457763672,13.0,0.0,0.0,,0.00213028142323633,,-0.0013985407933769537,12.11009827659877,0.011281878503412788,20.30874161826246,,9.14299988746643,9.14299988746643,,,0
2005-12-01,11.260000001816522,-1.0927084105170402,-0.8876191093808128,3.984999895095825,0.12799978256225586,0.5149998664855957,12.0,-1.0,-1.0,,0.003596584644935928,,0.001171797807739941,7.035096077497216,0.00854097460495214,13.54519435409598,,8.015000104904175,8.015000104904175,,,0
2006-01-01,12.03600001335144,-0.9053336402206381,0.7760000115349186,4.369999885559082,0.38499999046325684,0.5649998188018799,12.0,0.0,-1.0,,0.002338010792430517,,0.0002077293691941872,15.86943620178043,0.026487503663667242,35.014630555876415,,7.630000114440918,7.630000114440918,,,0
2006-02-01,12.47105262154027,-0.8415564464965615,0.43505260818882974,4.506999969482422,0.13700008392333984,0.6499998569488525,12.0,0.0,-1.0,,,,,12.75268046165403,0.022758389630830638,35.657212740931676,,7.493000030517578,7.493000030517578,,,0
2006-03-01,11.693913003672725,-1.153546032538962,-0.7771396178675456,4.514999866485596,0.007999897003173828,0.5299999713897705,12.0,0.0,0.0,,,,,-1.638363756123029,0.020702138338732873,26.983752907311434,,7.485000133514404,7.485000133514404,,,0
2006-04-01,11.847368441129985,-1.1136864094720125,0.15345543745726076,4.650000095367432,0.13500022888183594,0.2800002098083496,12.0,0.0,0.0,,,,,14.444384578083259,0.01622715058691105,25.558701283614262,,7.349999904632568,7.349999904632568,,,0
2006-05-01,14.454545411196621,-0.12739043199228997,2.607176970066636,4.715000152587891,0.06500005722045898,0.20800018310546875,12.0,0.0,0.0,,0.01954728092496923,,,-13.811077109325076,0.043405725061521655,-1.0050562873648463,,7.284999847412109,7.284999847412109,,,0
2006-06-01,16.91863627867265,0.8945563084546165,2.4640908674760293,4.860000133514404,0.14499998092651367,0.3450002670288086,11.5,-0.5,-0.5,,0.004029930778395157,,,3.8930940304330974,0.041050935495764745,4.52640149919128,,6.639999866485596,6.639999866485596,,,0
2006-07-01,15.325999879837036,0.31151612037556753,-1.592636398835614,4.934999942779541,0.07499980926513672,0.2849998474121094,11.5,0.0,-0.5,,0.001969814510593609,,-0.01757746641437562,3.6690977099121946,0.023048879885094683,-6.248885368979784,,6.565000057220459,6.565000057220459,,,0
2006-08-01,13.351739137069039,-0.479414786558231,-1.9742607427679975,4.90500020980835,-0.029999732971191406,0.19000005722045898,11.5,0.0,-0.5,,0.0018064903011341654,,-0.0022234404772609913,4.9614559786703705,0.015413978865571996,12.523647719015663,,6.59499979019165,6.59499979019165,,,0
2006-09-01,12.184499979019165,-0.9753173283781841,-1.167239158049874,4.760000228881836,-0.14499998092651367,-0.09999990463256836,11.5,0.0,0.0,,0.0016777623299317984,,-0.0002920521806618105,-5.624275222265174,0.022491544493425875,3.006278466317391,,6.739999771118164,6.739999771118164,,,0
2006-10-01,11.306363625959916,-1.3389395361642553,-0.878136353059249,4.940000057220459,0.17999982833862305,0.005000114440917969,11.0,-0.5,-0.5,,0.0019348854938618678,,0.0001283951927277024,4.360609695444828,0.014625173281380082,3.6977904518500244,,6.059999942779541,6.059999942779541,,,0
2006-11-01,10.817619051252093,-1.500613752249528,-0.4887445747078232,4.889999866485596,-0.05000019073486328,-0.015000343322753906,11.0,0.0,-0.5,,0.001889849501985091,,0.00021208717205329253,8.670787603549046,0.009947597282256845,7.4071220767287,,6.110000133514404,6.110000133514404,,,0
2006-12-01,10.964500045776367,-1.3544137447178797,0.14688099452427394,4.885000228881836,-0.004999637603759766,0.125,11.0,0.0,-0.5,,0.0016855346670112833,,-0.0002493508268505845,9.21526138606199,0.008782241456110012,22.246658685055863,,6.114999771118164,6.114999771118164,,,0
2007-01-01,11.042500066757203,-1.2437047982658076,0.07800002098083603,4.974999904632568,0.08999967575073242,0.034999847412109375,10.5,-0.5,-0.5,,0.0013964496230929532,,-0.0004933998788921377,-2.1571093671573727,0.023382122444560664,15.72893962245366,,5.525000095367432,5.525000095367432,,,0
2007-02-01,11.155263097662674,-1.1246315915376146,0.11276303090547124,4.994999885559082,0.019999980926513672,0.10500001907348633,10.5,0.0,-0.5,,0.0017581428091062625,,7.260814209497928e-05,-0.10199524424542306,0.01850687606689904,6.956156774659194,,5.505000114440918,5.505000114440918,,,0
2007-03-01,15.162727269259365,0.9612499359120945,4.007464171596691,4.894999980926514,-0.09999990463256836,0.009999752044677734,10.5,0.0,-0.5,,0.002023355621433042,,0.0006269059983400886,2.5875245431203675,0.018991821608789736,0.3284199317175718,,5.605000019073486,5.605000019073486,,,0
2007-04-01,12.93299994468689,-0.17944718669737267,-2.229727324572476,4.724999904632568,-0.1700000762939453,-0.25,10.5,0.0,0.0,,0.0027399902792627634,,0.0009818474701565009,-0.04711203241307693,0.013621568365655687,2.4384172664618675,,5.775000095367432,5.775000095367432,,,0
2007-05-01,13.297727324745871,0.09178753288290274,0.36472738005898186,4.590000152587891,-0.13499975204467773,-0.4049997329711914,10.5,0.0,0.0,,0.001648251260342104,,-0.00037510436109093777,-7.479025263951733,0.015375384584852311,-4.938612753244443,,5.909999847412109,5.909999847412109,,,0
2007-06-01,14.947618938627697,1.08502716082344,1.6498916138818256,4.670000076293945,0.07999992370605469,-0.22499990463256836,10.0,-0.5,-0.5,,0.002796447140131478,,5.645686086871472e-05,6.089127195384436,0.01319405253554105,-1.4370101009803742,,5.329999923706055,5.329999923706055,,,0
2007-07-01,17.273333277021134,2.3137479556588114,2.3257143383934373,4.809999942779541,0.1399998664855957,0.08500003814697266,10.0,0.0,-0.5,,0.005206503607137721,,0.0035582523467956166,4.109342361161139,0.014577701710536978,2.719444292593842,,5.190000057220459,5.190000057220459,,,0
2007-08-01,25.026086724322774,4.476113426855776,7.7527534473016395,3.990000009536743,-0.8199999332427979,-0.6000001430511475,10.0,0.0,-0.5,,0.0025419041350227805,,-0.0002545430051086976,-3.30946368238374,0.016254543049331275,6.889005874161835,,6.009999990463257,6.009999990463257,,,0
2007-09-01,22.19894740456029,2.8740944848077734,-2.827139319762484,3.700000047683716,-0.28999996185302734,-0.9700000286102295,10.0,0.0,0.0,,0.002089117026156855,,-0.0031173865809808656,4.914670069528104,0.013889494618655688,5.7145487483055035,,6.299999952316284,6.299999952316284,,,0
2007-10-01,19.115652084350586,1.724952968622468,-3.0832953202097038,3.819999933242798,0.11999988555908203,-0.9900000095367432,10.0,0.0,0.0,,0.002048575358069583,,-0.0004933287769531974,6.552653116900831,0.013098796505248542,8.157859504045195,,6.180000066757202,6.180000066757202,,,0
2007-11-01,25.582380930582683,3.123225847934601,6.4667288462320975,3.069999933242798,-0.75,-0.9200000762939453,10.0,0.0,0.0,,0.002709294346129066,,0.000620177319972211,-1.284985037845443,0.010925721424079009,10.182338148583492,,6.930000066757202,6.930000066757202,,,0
2007-12-01,21.651000022888184,1.8847023303944048,-3.9313809076945,3.140000104904175,0.07000017166137695,-0.559999942779541,10.0,0.0,0.0,,0.003080140884178676,,0.0010315655261090928,2.0652314874854083,0.012369957882081381,7.332899566540796,,6.859999895095825,6.859999895095825,,,0
2008-01-01,25.816190719604492,2.5768753719223962,4.165190696716309,1.8700000047683716,-1.2700001001358032,-1.9499999284744263,10.0,0.0,0.0,,0.0042519106407238475,,0.0015426162945947814,-16.651842910538626,0.03255507453359601,-15.871596460898662,,8.129999995231628,8.129999995231628,,,0
2008-02-01,25.456000137329102,2.236887945594545,-0.3601905822753899,1.784999966621399,-0.08500003814697266,-1.284999966621399,10.25,0.25,0.25,,0.003257534582154951,,0.00017739369797627495,5.468357968151549,0.020642674306192176,-9.11825345490167,,8.465000033378601,8.465000033378601,,,0
2008-03-01,27.103500080108642,2.309101073707585,1.6474999427795396,1.274999976158142,-0.5099999904632568,-1.8650001287460327,10.25,0.0,0.25,,0.0035568633601961736,,-0.0006950472805276739,-1.9266209754158603,0.018030411598784473,-13.110105917802938,,8.975000023841858,8.975000023841858,,,0
2008-04-01,21.562727321277965,1.1492629253031477,-5.540772758830677,1.340000033378601,0.06500005722045898,-0.5299999713897705,10.5,0.25,0.5,,0.003159296911732236,,-9.823767042271489e-05,2.390032116824181,0.01259443296327295,5.931769109559868,,9.159999966621399,9.159999966621399,,,0
2008-05-01,18.303333009992325,0.49102152202806554,-3.2593943112856394,1.850000023841858,0.5099999904632568,0.06500005722045898,10.5,0.0,0.25,,0.003850311983949455,,0.0002934486237532812,15.467058506012531,0.016871690950520428,15.93046964742085,,8.649999976158142,8.649999976158142,,,1
2008-06-01,22.11047617594401,1.1610510563921492,3.807143165951686,1.7050000429153442,-0.14499998092651367,0.43000006675720215,10.75,0.25,0.5,,0.0032028850301876804,,4.358811845544446e-05,-8.911616214082397,0.01138885395484846,8.945474408754315,,9.044999957084656,9.044999957084656,,,1
2008-07-01,24.32136362249201,1.4848356731732195,2.210887446548,1.6349999904632568,-0.0700000524520874,0.29499995708465576,11.0,0.25,0.5,,0.002959992925239102,,-0.0008903190587103526,-14.731391881026656,0.02263982668728958,-8.175949589096524,,9.365000009536743,9.365000009536743,,,1
2008-08-01,20.695714133126394,0.7607500418116582,-3.6256494893656175,1.690000057220459,0.05500006675720215,-0.15999996662139893,11.0,0.0,0.5,,0.025834285918704958,,0.022631400888517277,-9.79114977964729,0.028863965977795805,-33.434157874756345,,9.309999942779541,9.309999942779541,,,1
2008-09-01,30.238571348644438,2.282666214845071,9.542857215518044,0.8999999761581421,-0.7900000810623169,-0.8050000667572021,11.0,0.0,0.25,,0.00719707058494584,,0.004237077659706738,-23.816089908964212,0.07802824406877089,-48.33863156963816,,10.100000023841858,10.100000023841858,,,2
2008-10-01,61.1773912181025,4.595930486234978,30.93881986945806,0.4350000023841858,-0.4649999737739563,-1.199999988079071,11.0,0.0,0.0,,0.0064391149216888235,,-0.019395170997016133,-28.774108168071155,0.09383529508620098,-62.38134785668265,,10.564999997615814,10.564999997615814,,,2
2008-11-01,62.639473362972865,3.6281132716627225,1.4620821448703651,0.019999999552965164,-0.4150000028312206,-1.6700000576674938,12.0,1.0,1.0,,0.008258344363143955,,0.001061273778198115,-16.481774960380346,0.06367345354949094,-69.07197303741572,,11.980000000447035,11.980000000447035,,,2
2008-12-01,52.405000166459516,2.4390114575970068,-10.234473196513349,0.11500000208616257,0.0950000025331974,-0.7849999740719795,13.0,1.0,2.0,,0.019641872234607848,,0.013202757312919025,1.3429954851795989,0.034683617655591636,-43.9128876432719,,12.884999997913837,12.884999997913837,,,2
2009-01-01,44.68300018310547,1.7045120466199064,-7.721999983354046,0.2199999988079071,0.10499999672174454,-0.2150000035762787,13.0,0.0,2.0,,0.0227435507290503,,0.014485206365906346,0.8667861120526865,0.039473261058573024,-14.27199336314806,,12.780000001192093,12.780000001192093,,,2
2009-02-01,45.57052592227333,1.6450020244198968,0.887525739167863,0.25,0.030000001192092896,0.23000000044703484,13.0,0.0,1.0,,0.013435002372085794,,-0.006206869862522054,6.585053608577374,0.04167340811389644,8.794835205809658,,12.75,12.75,,,2
2009-03-01,44.7954548922452,1.486464662100585,-0.7750710300281298,0.20000000298023224,-0.04999999701976776,0.08500000089406967,13.0,0.0,0.0,,0.011028888762937495,,-0.011714661966112806,16.04684333008033,0.039625702793806984,23.498683050710387,,12.799999997019768,12.799999997019768,,,2
2009-04-01,38.063809349423366,0.9575020662876684,-6.731645542821838,0.125,-0.07500000298023224,-0.0949999988079071,12.5,-0.5,-0.5,,0.0073798359778061975,0.23739314781059706,-0.006055166394279597,19.072878527162885,0.02733482788919508,41.70477546582059,,12.375,12.375,,,2
2009-05-01,31.97799997329712,0.497548772485853,-6.085809376126246,0.12999999523162842,0.004999995231628418,-0.12000000476837158,12.0,-0.5,-1.0,,0.007017497222479917,0.25240284160389936,-0.004011391540457578,22.06008583690988,0.028126294447016992,57.17980769415309,,11.870000004768372,11.870000004768372,,,2
2009-06-01,29.140454725785688,0.2745204355287256,-2.8375452475114322,0.18000000715255737,0.050000011920928955,-0.019999995827674866,11.5,-0.5,-1.5,,0.007355200375489192,0.29328553013031283,-2.463560231700558e-05,-13.51546226566257,0.04015495211225638,27.617502098410192,,11.319999992847443,11.319999992847443,,,2
2009-07-01,26.16272735595703,0.04281533539165359,-2.9777273698286564,0.17499999701976776,-0.005000010132789612,0.04999999701976776,11.0,-0.5,-1.5,,0.010465109483934813,0.7706861654679716,0.003447612261454896,8.41438937779837,0.029815123449254542,16.95901294904568,,10.825000002980232,10.825000002980232,,,0
2009-08-01,25.33714285350981,-0.040214141188351496,-0.8255845024472208,0.12999999523162842,-0.04500000178813934,0.0,10.75,-0.25,-1.25,,0.018091551847241396,1.8732250000342718,0.010736351471752205,3.6722681097503207,0.022434451275434798,-1.428804778113883,,10.620000004768372,10.620000004768372,,,0
2009-09-01,24.926666713896253,-0.09670393327711752,-0.4104761396135572,0.11500000208616257,-0.01499999314546585,-0.0650000050663948,10.0,-0.75,-1.5,,0.03526242926488241,3.5558144818486994,0.0247973197809476,9.635707613692567,0.018168852315107984,21.722365101241255,,9.884999997913837,9.884999997913837,,,0
2009-10-01,24.252272865988992,-0.17535131595349335,-0.6743938479072611,0.04500000178813934,-0.07000000029802322,-0.12999999523162842,9.5,-0.5,-1.5,,0.007822965267791674,0.05602697337311602,-0.010268586579449722,3.339458737053125,0.02820789881096204,16.647434460496008,,9.45499999821186,9.45499999821186,,,0
2009-11-01,23.783499908447265,-0.241792942782054,-0.4687729575417272,0.05000000074505806,0.004999998956918716,-0.07999999448657036,9.0,-0.5,-1.75,,0.008743668228627662,0.15028745653826395,-0.02651876103625475,3.8612004720412596,0.023576055410880783,16.83636682278695,,8.949999999254942,8.949999999254942,,,0
2009-12-01,21.239545475352894,-0.4653216279973973,-2.5439544330943704,0.05000000074505806,0.0,-0.06500000134110451,8.75,-0.25,-1.25,,0.010871925252783594,0.39347530802103026,0.00304895998499192,6.6197128292929674,0.014140184704538771,13.820372038387351,,8.699999999254942,8.699999999254942,,,0
2010-01-01,20.643157758210833,-0.5424751631014383,-0.5963877171420613,0.07000000029802322,0.019999999552965164,0.02499999850988388,8.75,0.0,-0.75,,0.006717014491218026,-0.1646261489367168,-0.0020266537374096357,3.6065430179341718,0.019011323834098336,14.087456319268398,,8.679999999701977,8.679999999701977,,,0
2010-02-01,22.540000012046413,-0.42727583649251655,1.8968422538355796,0.11500000208616257,0.04500000178813934,0.06500000134110451,8.5,-0.25,-0.5,,0.0048965783346773374,-0.4167973048229269,-0.005975346918106256,-6.1137647771625,0.016550855523272,4.112491070064637,,8.384999997913837,8.384999997913837,,,0
2010-03-01,17.767391287762187,-0.8226402098984559,-4.7726087242842254,0.15000000596046448,0.03500000387430191,0.10000000521540642,8.25,-0.25,-0.5,,0.004208552539757224,-0.5180990373352025,-0.0025084619514608017,8.817835274342656,0.00925868809259297,6.3106135151143254,,8.099999994039536,8.099999994039536,,,0
2010-04-01,17.42428566160656,-0.8700378464848338,-0.34310562615562645,0.1550000011920929,0.004999995231628418,0.08500000089406967,8.0,-0.25,-0.75,,0.004016027039975204,-0.549929033262145,-0.0008805512947021336,-0.9730027928145479,0.014375726122258195,1.7310677043656058,,7.844999998807907,7.844999998807907,,,0
2010-05-01,31.929500007629393,0.2827947022682666,14.505214346022832,0.15000000596046448,-0.004999995231628418,0.03500000387430191,8.0,0.0,-0.5,,0.011401872741580056,0.3975688630220461,0.007193320201822832,-7.2017492548954065,0.03192065867017356,0.6430832266327,,7.8499999940395355,7.8499999940395355,,,0
2010-06-01,29.91636371612549,0.08098995728392605,-2.013136291503905,0.17000000178813934,0.019999995827674866,0.019999995827674866,7.75,-0.25,-0.5,,0.00550172925071875,-0.4046590829813102,0.001485702210743546,-1.749185814410703,0.014804476906002784,-9.923937862120658,,7.579999998211861,7.579999998211861,,,0
2010-07-01,25.565237862723215,-0.3142543044162173,-4.351125853402273,0.14000000059604645,-0.030000001192092896,-0.015000000596046448,7.75,0.0,-0.25,,0.0033280415322004446,-0.6875262656700447,-0.008073831209379611,6.706585911663399,0.016119600837798807,-2.244349157642712,,7.6099999994039536,7.6099999994039536,,,0
2010-08-01,24.745908997275613,-0.38436118192912005,-0.8193288654476021,0.13500000536441803,-0.004999995231628418,-0.015000000596046448,7.75,0.0,-0.25,,0.005309627525253138,-0.4349199177662896,-0.00019210172546561214,-2.019869445716893,0.010633625207715885,2.9375306515358024,,7.614999994635582,7.614999994635582,,,0
2010-09-01,22.51761899675642,-0.5781134323572373,-2.228290000519195,0.1550000011920929,0.019999995827674866,-0.015000000596046448,7.75,0.0,0.0,,0.005564626916473011,-0.41713273809152157,0.002236585384272566,5.21586675432828,0.008282055125069885,9.902583220274785,,7.594999998807907,7.594999998807907,,,0
2010-10-01,20.3733332497733,-0.7686360914039831,-2.144285746983119,0.10999999940395355,-0.04500000178813934,-0.030000001192092896,7.75,0.0,0.0,,0.005831364654092446,-0.3989279879979711,0.0005217371288393086,5.76893702700827,0.008008008271368477,8.964934335619656,,7.6400000005960464,7.6400000005960464,,,0
2010-11-01,20.095714387439546,-0.7737518335608636,-0.2776188623337532,0.1599999964237213,0.04999999701976776,0.024999991059303284,7.75,0.0,0.0,,0.0055204338681342415,-0.4556424912821683,-4.419304833876928e-05,2.765542638457652,0.010278008850146285,13.750346419794202,,7.590000003576279,7.590000003576279,,,0
2010-12-01,17.569545529105447,-0.9736213183533687,-2.526168858334099,0.11500000208616257,-0.044999994337558746,-0.03999999910593033,7.75,0.0,0.0,,0.00371226830855747,-0.7097683645590689,-0.0021190963455349765,7.822959783330785,0.00861512161063744,16.357439448796708,,7.634999997913837,7.634999997913837,,,0
2011-01-01,17.31549987792969,-0.96280320917317,-0.2540456511757583,0.14499999582767487,0.0299999937415123,0.034999996423721313,7.75,0.0,0.0,,0.007786709624838123,-0.15906171910710953,0.0022662757567038817,2.09894608380381,0.012636280131425807,12.687448505592247,,7.605000004172325,7.605000004172325,,,0
2011-02-01,17.4299999036287,-0.9235956802205517,0.1145000256990123,0.13500000536441803,-0.009999990463256836,-0.024999991059303284,8.0,0.25,0.25,,0.00310670614242084,-0.8109423352972487,-0.0006055621661366297,3.1576748558099554,0.013588338872171438,13.07958072294455,,7.864999994635582,7.864999994635582,,,0
2011-03-01,20.72347815140434,-0.6306718803825243,3.2934782477756386,0.09000000357627869,-0.04500000178813934,-0.02499999850988388,8.0,0.0,0.25,,0.00855081064320089,-0.07179064388750404,0.0007641010183627676,2.0108671196508165,0.011181299934226105,7.267488059264582,,7.909999996423721,7.909999996423721,,,0
2011-04-01,16.244000005722047,-0.9802124136315721,-4.479478145682293,0.03999999910593033,-0.05000000447034836,-0.10499999672174454,8.0,0.0,0.25,,0.003993428228016057,-0.7175957818809947,0.0008867220855952166,-3.956241487877632,0.014118876532995206,1.21230048758314,,7.96000000089407,7.96000000089407,,,0
2011-05-01,16.911428587777273,-0.9196474923417339,0.6674285820552264,0.03999999910593033,0.0,-0.0950000062584877,8.25,0.25,0.25,,0.00651738866849432,-0.374530833625364,-0.002033421974706571,-4.336793276075868,0.014457592393080263,-6.2821676443026835,,8.21000000089407,8.21000000089407,,,0
2011-06-01,19.15318202972412,-0.7263385967493815,2.241753441946848,0.014999999664723873,-0.024999999441206455,-0.07500000391155481,8.25,0.0,0.25,,0.006971264837987166,-0.32795699765481867,0.0029778366099711094,0.017403828842343927,0.010813082265647186,-8.275630935111156,,8.235000000335276,8.235000000335276,,,0
2011-07-01,19.22749991416931,-0.7045214232758121,0.07431788444518972,0.09000000357627869,0.07500000391155481,0.05000000447034836,8.25,0.0,0.25,,0.009533794764128276,0.012712183019144117,0.0030164060956339566,2.3155065132996144,0.009695787180861294,-2.0038829339339097,,8.159999996423721,8.159999996423721,,,0
2011-08-01,35.02913035517154,0.5440497836602831,15.801630441002228,0.014999999664723873,-0.07500000391155481,-0.024999999441206455,8.25,0.0,0.0,,0.01050804183211818,0.2356677041456171,0.0035367769941310146,-9.332152617319,0.02411265025243274,-6.999242275177042,,8.235000000335276,8.235000000335276,,,1
2011-09-01,36.52999977838425,0.6477836376723793,1.5008694232127127,0.009999999776482582,-0.004999999888241291,-0.004999999888241291,8.25,0.0,0.0,,0.008545111228398714,-0.0812934216018952,-0.000988683535729562,-11.610879337666958,0.02555930398104551,-18.627525441686345,,8.240000000223517,8.240000000223517,,,1
2011-10-01,32.82904770260765,0.46135603349521354,-3.7009520757765983,0.004999999888241291,-0.004999999888241291,-0.0850000036880374,8.25,0.0,0.0,,0.0107996959661633,0.25744145211181557,0.0002916541340451193,9.663822500622011,0.023307912320211652,-11.279209454363947,,8.245000000111759,8.245000000111759,,,1
2011-11-01,31.941904703776043,0.5418642112825242,-0.8871429988316102,0.014999999664723873,0.009999999776482582,0.0,8.25,0.0,0.0,,0.010070709832653043,0.13366552970959467,0.0015255986042543284,0.06806352595756238,0.020214567562941897,-1.8789933110873847,,8.235000000335276,8.235000000335276,,,1
2011-12-01,25.047619047619047,-0.12604027018628136,-6.894285656156995,0.004999999888241291,-0.009999999776482582,-0.004999999888241291,8.0,-0.25,-0.25,,0.008789993518929928,-0.022819469013023775,-0.0020097024472333722,-6.494311892346049,0.01719302031940497,3.2375741342335242,,7.995000000111759,7.995000000111759,,,0
2012-01-01,20.227999877929687,-0.6717346246750424,-4.819619169689361,0.054999999701976776,0.049999999813735485,0.049999999813735485,8.0,0.0,-0.25,,0.006229850752335104,-0.4022561783014516,-0.0038408590803179384,7.973014412756818,0.009990950744197357,1.5467660463683313,,7.945000000298023,7.945000000298023,,,0
2012-02-01,18.420499992370605,-0.8929884009004628,-1.807499885559082,0.07500000298023224,0.020000003278255463,0.060000003315508366,8.0,0.0,-0.25,,0.00500286316551796,-0.5845525836396942,-0.0037871303534119678,5.524329108406056,0.013210872016446709,7.003031628816825,,7.924999997019768,7.924999997019768,,,0
2012-03-01,16.16727287119085,-1.238068753304432,-2.253227121179755,0.06499999761581421,-0.01000000536441803,0.05999999772757292,8.0,0.0,0.0,,0.00627303911999628,-0.3316383620098474,4.318836766117537e-05,-5.027946947742656,0.015204081819899778,8.46939657342022,,7.935000002384186,7.935000002384186,,,0
2012-04-01,17.822999906539916,-0.9451446009855369,1.6557270353490665,0.09000000357627869,0.025000005960464478,0.03500000387430191,8.0,0.0,0.0,,0.004107652896853004,-0.7026754515847955,-0.0008952102686649562,-2.8892667431162367,0.012746011826022434,-2.392884582452836,,7.909999996423721,7.909999996423721,,,0
2012-05-01,21.001818136735395,-0.3556215575396238,3.1788182301954784,0.05999999865889549,-0.030000004917383194,-0.015000004321336746,8.0,0.0,0.0,,0.005464658417001587,-0.4495483793530148,-0.0008083807029946929,-11.33898880217169,0.01847306186980618,-19.25620249303058,,7.9400000013411045,7.9400000013411045,,,0
2012-06-01,21.130952290126256,-0.2979037697424247,0.12913415339086143,0.07999999821186066,0.019999999552965164,0.015000000596046448,8.0,0.0,0.0,,0.010981279173759807,0.5207734507589096,0.006873626276906803,6.207804534529471,0.013086348223536475,-8.020451010758455,,7.920000001788139,7.920000001788139,,,0
2012-07-01,17.565238180614653,-0.8945976192641967,-3.565714109511603,0.10000000149011612,0.020000003278255463,0.009999997913837433,8.0,0.0,0.0,,0.009991664438210554,0.3464625029370772,0.004527006021208967,1.4053851476014678,0.013065037503489101,-3.725799120040751,,7.899999998509884,7.899999998509884,,,0
2012-08-01,15.689565119536027,-1.1643791779016281,-1.8756730610786256,0.08500000089406967,-0.015000000596046448,0.02500000223517418,8.0,0.0,0.0,,0.006710410674912153,-0.1936402856372459,-0.004270868498847654,1.1293371807081787,0.008621038400624108,8.742526862839117,,7.91499999910593,7.91499999910593,,,0
2012-09-01,15.284736834074321,-1.1683397956857104,-0.404828285461706,0.09000000357627869,0.005000002682209015,0.01000000536441803,8.25,0.25,0.25,,0.007074850467357229,0.04799211915305888,-0.0029168139708533247,2.4843454610621762,0.01387698075621249,5.019067789371823,,8.159999996423721,8.159999996423721,,,0
2012-10-01,16.276190576099214,-0.9467872603205107,0.991453742024893,0.10499999672174454,0.01499999314546585,0.004999995231628418,8.25,0.0,0.25,,0.004640492763080474,-0.8991812076742428,-0.002069917911831679,-2.2327979921275998,0.009167195155563447,1.3808846496427551,,8.145000003278255,8.145000003278255,,,0
2012-11-01,16.70190484183175,-0.8325732777024177,0.42571426573253746,0.07500000298023224,-0.0299999937415123,-0.009999997913837433,8.25,0.0,0.25,,0.003973784579902116,-1.1039381565073239,-0.003101065887455113,-1.383881602020065,0.009467608045385,-1.1323341330854886,,8.174999997019768,8.174999997019768,,,0
2012-12-01,17.306999826431273,-0.7055545646793489,0.6050949845995213,0.03500000014901161,-0.04000000283122063,-0.055000003427267075,8.25,0.0,0.0,,0.00447259172841614,-0.8596906173736206,-0.00016790103466433458,4.889862514847398,0.006266089932252212,1.2731829206997336,,8.214999999850988,8.214999999850988,,,0
2013-01-01,13.505238124302455,-1.2837982705234714,-3.801761702128818,0.06499999761581421,0.029999997466802597,-0.03999999910593033,8.25,0.0,0.0,,0.003712848528148375,-1.117412209509928,-0.0002609360517537413,4.88499511771725,0.009143944688897647,8.390976030544584,,8.185000002384186,8.185000002384186,,,0
2013-02-01,14.07263163516396,-1.1301129175118771,0.5673935108615051,0.10000000149011612,0.03500000387430191,0.02499999850988388,8.25,0.0,0.0,,0.0038767299009251866,-1.0295219564963802,-0.000595861827490953,-3.9256251777909923,0.007306436695014756,5.849232454773656,,8.149999998509884,8.149999998509884,,,0
2013-03-01,13.031500005722046,-1.2530112319147069,-1.0411316294419137,0.06499999761581421,-0.03500000387430191,0.029999997466802597,8.25,0.0,0.0,,0.00409214264286505,-0.9407810674757203,0.00037929411471667547,-3.1943958439880515,0.009579653525683959,-2.2350259040617937,,8.185000002384186,8.185000002384186,,,0
2013-04-01,13.967272715135055,-1.075103152880727,0.9357727094130084,0.04500000178813934,-0.019999995827674866,-0.019999995827674866,8.25,0.0,0.0,,0.00822802139874392,0.6721437831877616,0.0043512914978187335,-3.4755226768832914,0.010987348998866628,-10.595543698662336,,8.20499999821186,8.20499999821186,,,0
2013-05-01,13.493636304681951,-1.1003036797853871,-0.47363641045310345,0.029999999329447746,-0.015000002458691597,-0.07000000216066837,8.25,0.0,0.0,,0.004019395821244434,-0.98479191252883,-7.274682162061643e-05,-3.0792717172645534,0.01361898659639291,-9.749190238135895,,8.220000000670552,8.220000000670552,,,1
2013-06-01,17.271499919891358,-0.4477988054080814,3.777863615209407,0.029999999329447746,0.0,-0.03499999828636646,8.25,0.0,0.0,,0.0065132309763676986,0.054798605482473756,-0.0017147904223762216,-0.9486677797188481,0.012692102716511893,-7.5034621738666925,,8.220000000670552,8.220000000670552,,,1
2013-07-01,13.97454565221613,-0.9450625990172964,-3.2969542676752273,0.029999999329447746,0.0,-0.015000002458691597,8.25,0.0,0.0,,0.004802263273223185,-0.6975068998159354,0.0007828674519787509,3.4824663991201543,0.009264368647608092,-0.5454730978632472,,8.220000000670552,8.220000000670552,,,1
2013-08-01,14.209999908100475,-0.8567501780080232,0.23545425588434377,0.019999999552965164,-0.009999999776482582,-0.009999999776482582,8.25,0.0,0.0,,0.003225865147984469,-1.3198834737068323,-0.0032873658283832296,-0.9480209607206636,0.009765217315615075,1.5857776586806427,,8.230000000447035,8.230000000447035,,,1
2013-09-01,14.692000102996825,-0.7369788928764032,0.4820001948963508,0.004999999888241291,-0.014999999664723873,-0.024999999441206455,8.25,0.0,0.0,,0.005439286783087971,-0.388012161104641,0.0006370235098647863,7.225142758584657,0.010539524858210851,9.759588196984147,,8.245000000111759,8.245000000111759,,,0
2013-10-01,15.407826050468113,-0.5921162886757979,0.7158259474712878,0.032999999821186066,0.027999999932944775,0.0030000004917383194,8.25,0.0,0.0,,0.004154113039904426,-0.8980764113082387,0.0009282478919199573,3.1774339996601064,0.00824944374618575,9.454555797524101,,8.217000000178814,8.217000000178814,,,0
2013-11-01,12.923999977111816,-0.9581337415478954,-2.4838260733562976,0.054999999701976776,0.02199999988079071,0.03500000014901161,8.25,0.0,0.0,,0.005778371217136186,-0.22665791762366952,0.0003390844340482148,-1.9766541193696918,0.00914295300840296,8.425922638875072,,8.195000000298023,8.195000000298023,,,0
2013-12-01,14.192380905151367,-0.7299197389015734,1.2683809280395515,0.06300000101327896,0.008000001311302185,0.05800000112503767,8.25,0.0,0.0,,0.003907961444017636,-1.0088553721030593,-0.00024615159588679044,1.5955064188007073,0.0082520890996248,2.796286299091122,,8.186999998986721,8.186999998986721,,,0
2014-01-01,14.240952400934129,-0.7035049218637368,0.04857149578276143,0.009999999776482582,-0.05300000123679638,-0.023000000044703484,5.5,-2.75,-2.75,6.07,0.004751746223285983,-0.6219649086914053,-0.001026624993850203,-3.2819138972298156,0.007929125295776685,-3.6630615977988,1.6568421052631577,5.490000000223517,1.6568421052631577,,,0
2014-02-01,15.470000116448654,-0.4948945996350515,1.2290477155145254,0.0430000014603138,0.033000001683831215,-0.011999998241662979,5.5,0.0,-2.75,6.21,0.005573904214031326,-0.3155971272274067,0.00166594277001369,-0.6423498213251055,0.0082709315742428,-2.328757299754214,1.5145000000000004,5.456999998539686,1.5145000000000004,,,0
2014-03-01,14.836666742960611,-0.5687680308259977,-0.6333333734880426,0.02800000086426735,-0.015000000596046448,-0.03500000014901161,7.0,1.5,-1.25,6.92,0.005958237459899664,-0.1224419108805844,0.0012064912366136814,-5.220419593844195,0.03401080465269909,-9.144683312399117,1.058,6.971999999135733,1.058,,,0
2014-04-01,14.198095321655273,-0.6589627049722538,-0.638571421305338,0.019999999552965164,-0.008000001311302185,0.009999999776482582,7.5,0.5,2.0,7.33,0.008348400678982846,0.8617634856295512,0.0027744964649515204,-4.621375128106564,0.012177200813283572,-10.484144543275864,1.1159090909090912,7.480000000447035,1.1159090909090912,,,0
2014-05-01,12.475238028026762,-0.9039242233160591,-1.7228572936285111,0.029999999329447746,0.009999999776482582,-0.01300000213086605,7.5,0.0,2.0,7.59,0.005749002956072705,-0.25659734755980357,-0.0002092345038269593,9.649238412335404,0.011878472328368679,-0.1925563096153553,0.6399999999999999,7.470000000670552,0.6399999999999999,,,0
2014-06-01,11.541428565979004,-1.0030880836220786,-0.9338094620477584,0.019999999552965164,-0.009999999776482582,-0.008000001311302185,7.5,0.0,0.5,7.81,0.005834969088021885,-0.20574613911642506,-0.0025134315909609616,3.097000389559801,0.010231257691610296,8.124863673788642,0.4173684210526314,7.480000000447035,0.4173684210526314,,,0
2014-07-01,12.296363613822244,-0.847137658685683,0.7549350478432402,0.017999999225139618,-0.0020000003278255463,-0.0020000003278255463,8.0,0.5,0.5,7.45,0.007322520132580252,0.47843475103706623,0.0015735171765075473,-6.554546878933865,0.012600903560038307,6.191691922961341,0.3665217391304349,7.98200000077486,0.3665217391304349,,,0
2014-08-01,13.497142927987236,-0.6364014744226257,1.2007793141649916,0.017999999225139618,0.0,-0.012000000104308128,8.0,0.0,0.5,7.55,0.004864544476479905,-0.5747001642691879,-0.0009704246115419795,1.5294159806012564,0.010950421171609383,-1.9281305087728065,0.36619047619047657,7.98200000077486,0.36619047619047657,,,0
2014-09-01,13.466666630336217,-0.6426373465609189,-0.03047629765101867,0.013000000268220901,-0.004999998956918716,-0.006999999284744263,8.0,0.0,0.5,8.03,0.007464675127412598,0.6663417666136741,0.00014215499483234608,0.739623879352469,0.012296436164204472,-4.285507018980138,0.35545454545454547,7.986999999731779,0.35545454545454547,,,0
2014-10-01,18.01608711740245,0.47418098398158415,4.549420487066232,0.003000000026077032,-0.01000000024214387,-0.014999999199062586,8.0,0.0,0.0,8.29,0.012685095548284783,2.9255374556495823,0.007820551071804877,5.485201114063476,0.01306587864848784,7.754240974017202,0.28043478260869575,7.996999999973923,0.28043478260869575,,,0
2014-11-01,13.41315786462081,-0.770173136040457,-4.602929252781639,0.004999999888241291,0.001999999862164259,-0.012999999336898327,9.5,1.5,1.5,9.06,0.019698964237409754,4.2547007848795655,0.012234289109997156,3.0373527110161502,0.00605159278846785,9.262177704432096,-0.05421052631578972,9.495000000111759,-0.05421052631578972,,,0
2014-12-01,16.3118182962591,0.38407925669907933,2.898660431638291,0.03700000047683716,0.03200000058859587,0.024000000208616257,17.0,7.5,9.0,11.35,0.04592948213405865,5.279470810178284,0.03324438658577386,-8.937331357196454,0.020124375648179,-0.4147775321168279,-1.5272727272727271,16.962999999523163,-1.5272727272727271,,,2
2015-01-01,19.119499969482423,1.6075553290621347,2.807681673223321,0.004999999888241291,-0.03200000058859587,0.001999999862164259,17.0,0.0,9.0,14.96,0.027247280704218117,2.4049365101035245,0.007548316466808362,17.977814757746003,0.0185591683510829,12.0778361115657,-1.8726315789473684,16.99500000011176,-1.8726315789473684,,,2
2015-02-01,15.904210492184287,0.26882785958769595,-3.2152894772981355,0.00800000037997961,0.0030000004917383194,0.0030000004917383194,15.0,-2.0,5.5,16.7,0.021692264040658295,1.593461023031889,-0.02423721809340035,6.753699619110454,0.01501252053903703,15.794183019660004,-1.2200000000000004,14.99199999962002,-1.2200000000000004,,,2
2015-03-01,14.812727277929133,-0.19352275496959895,-1.0914832142551543,0.02500000037252903,0.01699999999254942,-0.012000000104308128,14.0,-1.0,-3.0,16.9,0.014203110663336373,0.6614541729040613,-0.013044170040881743,-7.5492998290986435,0.016306691991558545,17.182214547757813,-0.4214285714285715,13.974999999627471,-0.4214285714285715,,,2
2015-04-01,13.494761875697545,-0.7276167355275607,-1.3179654022315876,0.004999999888241291,-0.02000000048428774,0.0,14.0,0.0,-3.0,16.4,0.01931112549183488,1.2017335271849865,-0.002381138548823415,3.822449547793072,0.01247456308361766,3.026849337804882,-0.4868181818181817,13.995000000111759,-0.4868181818181817,,,0
2015-05-01,13.3385000705719,-0.7781860242195728,-0.15626180512564503,0.003000000026077032,-0.001999999862164259,-0.005000000353902578,12.5,-1.5,-2.5,15.8,0.013426995146535966,0.48266819983846754,-0.0007761155168004071,-4.688038310791631,0.012094298943820176,-8.414888592097203,-0.15388888888888877,12.496999999973923,-0.15388888888888877,,,0
2015-06-01,14.33954551003196,-0.2262847180889099,1.0010454394600607,0.009999999776482582,0.00699999975040555,-0.015000000596046448,11.5,-1.0,-2.5,15.3,0.014906895850123801,0.6403917454719136,-0.004404229641711079,2.8188162413093076,0.007624175633501308,1.9532274783107484,-0.07333333333333354,11.490000000223517,-0.07333333333333354,,,0
2015-07-01,14.35272723978216,-0.17408669415185263,0.013181729750199267,0.057999998331069946,0.047999998554587364,0.052999998442828655,11.5,0.0,-2.5,15.6,0.0108082446955072,0.15819976070225167,-0.002618750451028766,0.87334627212452,0.009576074129891891,-0.9958757973578036,0.06782608695652145,11.44200000166893,0.06782608695652145,,,0
2015-08-01,19.42809536343529,2.5460882500970157,5.07536812365313,0.003000000026077032,-0.054999998304992914,0.0,11.0,-0.5,-1.5,15.8,0.018535802159701766,1.0096167864142236,0.003628906309577965,3.844819888874329,0.010799838449545057,7.536982402308157,0.009047619047619108,10.996999999973923,0.009047619047619108,,,0
2015-09-01,24.3771428607759,3.8423092884173258,4.949047497340612,0.004999999888241291,0.001999999862164259,-0.004999999888241291,11.0,0.0,-0.5,15.7,0.013116760817994032,0.3649160882504193,0.0023085161224868315,-5.204340656434381,0.010195801573341143,-0.4861744954355318,-0.17318181818181821,10.995000000111759,-0.17318181818181821,,,0
2015-10-01,16.789545449343596,0.7250906496495133,-7.587597411432306,0.06800000369548798,0.06300000380724669,0.01000000536441803,11.0,0.0,-0.5,15.6,0.015317395794272826,0.5847431952821875,-0.0032184063654289406,4.172934369847869,0.009800622003616926,2.8134136022878176,-0.13454545454545475,10.931999996304512,-0.13454545454545475,,,0
2015-11-01,16.209999990463256,0.49580024554792274,-0.5795454588803395,0.17000000178813934,0.10199999809265137,0.1670000017620623,11.0,0.0,0.0,15.0,0.01348746943771296,0.34522793146795333,0.00037070861971892806,3.4775913079189147,0.013961725354361769,2.4461850213324032,-0.5025000000000002,10.82999999821186,-0.5025000000000002,,,0
2015-12-01,18.02545473792336,1.220059547284664,1.8154547474601053,0.14800000190734863,-0.02199999988079071,0.14300000201910734,11.0,0.0,0.0,12.9,0.01882117607656912,0.9132608646376934,0.0035037802822962955,-0.5471366256969534,0.012902614976508305,7.103389052069831,-0.6768181818181817,10.851999998092651,-0.6768181818181817,,,0
2016-01-01,23.717894805105107,2.9595606292106096,5.692440067181746,0.30000001192092896,0.15200001001358032,0.23200000822544098,11.0,0.0,0.0,9.8,1.4661253086060593,5.82969170261253,1.4526378391683463,1.3376060992465133,0.01949251084192749,4.268060781468474,-0.19944444444444423,10.699999988079071,-0.19944444444444423,,,0
2016-02-01,22.516999816894533,2.26784386656392,-1.2008949882105746,0.30799999833106995,0.007999986410140991,0.1379999965429306,11.0,0.0,0.0,8.1,0.019055592001082578,-0.13562444715955055,0.00023441592451345708,3.0953767474019678,0.012245595493559986,3.8858462209515277,-0.0576190476190474,10.69200000166893,-0.0576190476190474,,,0
2016-03-01,15.849090966311367,0.07650967920542473,-6.667908850583165,0.19300000369548798,-0.11499999463558197,0.04500000178813934,11.0,0.0,0.0,7.3,0.011327943840568762,-0.1683352081852207,-1.4547973647654906,1.6835390061197275,0.009220567502857671,6.116521852768209,-0.16363636363636386,10.806999996304512,-0.16363636363636386,,,0
2016-04-01,14.300476255871,-0.4353246348992761,-1.5486147104403667,0.19300000369548798,0.0,-0.10700000822544098,11.0,0.0,0.0,7.3,0.010404720923278696,-0.17239874170606004,-0.008650871077803882,4.376988661810199,0.010178394608707715,9.155904415331895,-0.3242857142857144,10.806999996304512,-0.3242857142857144,,,0
2016-05-01,14.852857044764928,-0.26786484150623396,0.5523807888939274,0.28299999237060547,0.08999998867511749,-0.025000005960464478,11.0,0.0,0.0,7.3,0.01019419689111358,-0.17399756971025346,-0.0011337469494551826,-2.7669561819434807,0.009186966693895633,3.2935714859864462,-0.5852631578947366,10.717000007629395,-0.5852631578947366,,,0
2016-06-01,17.774545496160332,0.6916135775972204,2.9216884513954042,0.24799999594688416,-0.034999996423721313,0.05499999225139618,10.5,-0.5,-0.5,7.5,0.012554804925752967,-0.1649759163146389,0.002150084002474271,-0.41706172714118805,0.011592714951535354,1.1929707527255307,-0.7842857142857143,10.252000004053116,-0.7842857142857143,,,0
2016-07-01,13.158500051498413,-0.818524159293588,-4.6160454446619195,0.23999999463558197,-0.008000001311302185,0.046999990940093994,10.5,0.0,-0.5,7.2,0.007799045526210408,-0.18494562062694542,-0.002395151364903172,2.8306442456139225,0.005962850041359449,-0.3533736634707463,-0.7900000000000001,10.260000005364418,-0.7900000000000001,,,0
2016-08-01,12.399565240611201,-1.037605098482467,-0.7589348108872116,0.3199999928474426,0.07999999821186066,0.03700000047683716,10.5,0.0,-0.5,6.9,0.007372794525357376,-0.1871967013552321,-0.005182010400395591,1.3869018507906228,0.0065997451868342735,3.800484369263357,-0.7608695652173914,10.180000007152557,-0.7608695652173914,,,0
2016-09-01,14.219523793175107,-0.4433213905852352,1.8199585525639055,0.25999999046325684,-0.06000000238418579,0.01199999451637268,10.0,-0.5,-0.5,6.4,0.007038888955449843,-0.18876414949444542,-0.0007601565707605652,0.3251200447766722,0.007719008055919779,4.5426661411812175,-0.5045454545454547,9.740000009536743,-0.5045454545454547,,,0
2016-10-01,14.58523804800851,-0.3172500007262331,0.3657142548334029,0.29499998688697815,0.034999996423721313,0.05499999225139618,10.0,0.0,-0.5,6.1,0.0061061760090994465,-0.19284405899837223,-0.0012666185162579294,0.5884739458259514,0.004811573731298007,2.3004958413932464,-0.2661904761904761,9.705000013113022,-0.2661904761904761,,,0
2016-11-01,15.236190387180873,-0.129199915077406,0.6509523391723633,0.46799999475479126,0.1730000078678131,0.14800000190734863,10.0,0.0,-0.5,5.8,0.010519401489968978,-0.17519974650681353,0.0034805125345191354,5.7935051874851595,0.008404771755083494,6.707099178087783,0.019999999999999997,9.532000005245209,0.019999999999999997,,,0
2016-12-01,12.472380956013998,-1.0034481811605487,-2.763809431166875,0.47999998927116394,0.01199999451637268,0.2199999988079071,10.0,0.0,0.0,5.4,0.008607525657279638,-0.18364575311116582,0.0025013496481801917,6.071996614129138,0.008507851990717675,12.45397574744025,0.08318181818181794,9.520000010728836,0.08318181818181794,,,0
2017-01-01,11.608500003814697,-1.2333756269961245,-0.8638809521993007,0.5,0.02000001072883606,0.20500001311302185,10.0,0.0,0.0,5.0,0.0074324581768202055,-0.1888130577883603,-0.0030869433131487725,-0.6866099791355551,0.01158273166406192,11.178891822478743,0.08476190476190473,9.5,0.08476190476190473,,,0
2017-02-01,11.530526361967388,-1.1973861286720393,-0.0779736418473096,0.5230000019073486,0.023000001907348633,0.05500000715255737,10.0,0.0,0.0,4.6,0.008331671273321009,-0.18543018088439786,-0.0002758543839586295,-8.190705371877938,0.006815075982472691,-2.805318736884354,-0.15578947368421095,9.476999998092651,-0.15578947368421095,,,0
2017-03-01,11.897826111834982,-1.0419769177125513,0.3672997498675947,0.7379999756813049,0.2149999737739563,0.257999986410141,9.75,-0.25,-0.25,4.3,0.007080562549884428,-0.19072656381229766,-0.00035189562693577724,-1.95847245684303,0.009633418940716685,-10.835787807856523,-0.3640909090909092,9.012000024318695,-0.3640909090909092,,,0
2017-04-01,13.136315847698011,-0.6529287232967194,1.2384897358630287,0.7799999713897705,0.041999995708465576,0.2799999713897705,9.75,0.0,-0.25,4.1,0.00803376845412815,-0.18675557959094033,-0.0002979028191928586,1.0426342135822608,0.011516308128845366,-9.106543615138706,-0.4005000000000001,8.97000002861023,-0.4005000000000001,,,0
2017-05-01,10.862272782759232,-1.3087411034835719,-2.2740430649387786,0.949999988079071,0.17000001668930054,0.4269999861717224,9.25,-0.5,-0.75,4.1,0.007856144820399636,-0.18773907698471548,0.0007755822705152078,-5.768303737668335,0.0077867875252994835,-6.684141980929104,-0.5155000000000001,8.300000011920929,-0.5155000000000001,,,0
2017-06-01,10.513636328957297,-1.3891005962547713,-0.34863645380193553,0.9929999709129333,0.042999982833862305,0.2549999952316284,9.0,-0.25,-0.75,4.4,0.00725193833621843,-0.19040116187324319,-0.00078183011790972,-1.0987278770121622,0.007962983841730185,-5.824397401098237,-0.21095238095238086,8.007000029087067,-0.21095238095238086,,,0
2017-07-01,10.264499998092651,-1.4182132438571637,-0.24913633086464593,1.0529999732971191,0.06000000238418579,0.27300000190734863,9.0,0.0,-0.75,3.9,0.0072556101371348556,-0.19037805191048696,-0.0006005346832647805,2.1298233198656646,0.006597499602667075,-4.737208294814833,-0.18952380952380926,7.947000026702881,-0.18952380952380926,,,0
2017-08-01,11.97565215566884,-0.9024753199260063,1.7111521575761888,0.9779999852180481,-0.07499998807907104,0.02799999713897705,9.0,0.0,-0.25,3.3,0.00443006761332141,-0.2019872616242406,-0.0028218707228970198,5.349743939346729,0.006386425374816273,6.380839382200232,-0.060434782608695635,8.022000014781952,-0.060434782608695635,,,0
2017-09-01,10.437999963760376,-1.291363121113623,-1.5376521919084638,1.027999997138977,0.050000011920928955,0.0350000262260437,8.5,-0.5,-0.5,3.0,0.0054313361546497515,-0.19761276998458818,-0.001824273982485104,2.718298281072351,0.004738170395853392,10.197865540284745,0.0085714285714286,7.472000002861023,0.0085714285714286,,,0
2017-10-01,10.125454512509434,-1.298010782384878,-0.31254545125094246,1.1230000257492065,0.09500002861022949,0.0700000524520874,8.25,-0.25,-0.75,2.7,0.004093053752677669,-0.20211279652035669,-0.00033701386064374176,-0.620062833723356,0.004636980784710365,7.447979386695725,0.17409090909090905,7.1269999742507935,0.17409090909090905,,,0
2017-11-01,10.540476163228353,-1.1411562336304635,0.41502165071891994,1.2380000352859497,0.11500000953674316,0.2600000500679016,8.25,0.0,-0.75,2.5,0.008166822449594293,-0.18394239360098338,0.0027354862949445415,1.7589440327818284,0.010663147357286096,3.8571794801308235,0.2857142857142857,7.01199996471405,0.2857142857142857,,,0
2017-12-01,10.264500045776368,-1.150647717564008,-0.2759761174519859,1.3550000190734863,0.11699998378753662,0.3270000219345093,7.75,-0.5,-0.75,2.5,0.004282707609412058,-0.19508575876219206,0.00018965385673438973,0.43415146661955895,0.007705628810354884,1.5730326656780313,0.5757142857142857,6.394999980926514,0.5757142857142857,,,0
2018-01-01,11.062381017775763,-0.886768811543926,0.7978809719993958,1.4299999475479126,0.07499992847442627,0.30699992179870605,7.75,0.0,-0.5,2.2,0.004028634140273515,-0.19339646905757032,-0.004138188309320778,8.543706847021259,0.007910955984908057,10.736802346422646,0.7264999999999999,6.320000052452087,0.7264999999999999,,,0
2018-02-01,22.464736637316253,2.018163376394065,11.40235561954049,1.6180000305175781,0.18800008296966553,0.3799999952316284,7.5,-0.25,-0.75,2.2,0.008706124525435576,-0.17259425157160851,0.004423416916023518,0.2973837712300753,0.010946169506131257,9.275242084870893,0.6221052631578946,5.881999969482422,0.6221052631578946,,,0
2018-03-01,19.023809750874836,1.0940064091057011,-3.4409268864414173,1.6699999570846558,0.05199992656707764,0.31499993801116943,7.25,-0.25,-0.5,2.4,0.005999738167993334,-0.18277706769667185,0.001971104027719819,-0.4906835288949196,0.007738561554887096,8.350407089356414,0.8266666666666668,5.580000042915344,0.8266666666666668,,,0
2018-04-01,18.26761904216948,0.863493692405275,-0.7561907087053577,1.7630000114440918,0.09300005435943604,0.3330000638961792,7.25,0.0,-0.5,2.4,0.01375566665732575,-0.15017619802774249,0.005049542131890175,0.698304582872189,0.025831151434253373,0.5050048252073447,0.6831818181818182,5.486999988555908,0.6831818181818182,,,1
2018-05-01,14.124545487490566,-0.16662194588277943,-4.143073554678912,1.8700000047683716,0.10699999332427979,0.25199997425079346,7.25,0.0,-0.25,2.4,0.00906293326709576,-0.16899345892970535,0.0030631950991024254,0.06039098949039978,0.006696114392067034,0.26801204346766916,0.7233333333333334,5.379999995231628,0.7233333333333334,,,1
2018-06-01,13.678095318022228,-0.27238197178502993,-0.4464501694683385,1.8799999952316284,0.009999990463256836,0.21000003814697266,7.25,0.0,0.0,2.3,0.005959852854828131,-0.18072010787570167,-0.00779581380249762,-0.30092458110153597,0.009117664376666602,0.4577709912610528,0.7347619047619046,5.370000004768372,0.7347619047619046,,,1
2018-07-01,13.147619065784273,-0.39450423750757824,-0.5304762522379551,1.9850000143051147,0.10500001907348633,0.22200000286102295,7.25,0.0,0.0,2.5,0.00696601416269964,-0.17612359200268332,-0.0020969191043961194,1.095849508268154,0.008658128842504845,0.8553159166570179,0.685,5.264999985694885,0.685,,,1
2018-08-01,12.546956518422002,-0.5037479351314075,-0.6006625473622709,2.055000066757202,0.0700000524520874,0.18500006198883057,7.25,0.0,0.0,3.1,0.009941057683343963,-0.1628655907731007,0.003981204828515832,1.0658688769338287,0.008294585300409628,1.8607938041004468,0.7547826086956523,5.194999933242798,0.7547826086956523,,,1
2018-09-01,12.910526325828151,-0.3662321432241308,0.3635698074061491,2.1500000953674316,0.09500002861022949,0.2700001001358032,7.5,0.25,0.25,3.4,0.008242855413539196,-0.1692846583528289,0.0012768412508395565,5.520813537702995,0.006329588148820285,7.682531922904978,0.968,5.349999904632568,0.968,,,0
2018-10-01,19.352173639380414,1.365384560506684,6.441647313552263,2.2780001163482666,0.12800002098083496,0.29300010204315186,7.5,0.0,0.25,3.5,0.006346094752464223,-0.17603812654071335,-0.0035949629308797398,-4.954840554981599,0.012131984793004504,1.6318418596552249,0.8330434782608696,5.221999883651733,0.8330434782608696,,,0
2018-11-01,19.389047622680664,1.321489217606728,0.036873983300250046,2.308000087738037,0.029999971389770508,0.25300002098083496,7.5,0.0,0.25,3.8,0.008293200238396841,-0.16741344837361471,5.034482485764477e-05,1.6912428528438106,0.009795645703335777,2.2572158355652068,0.8223809523809525,5.191999912261963,0.8223809523809525,,,0
2018-12-01,24.953157726087067,2.51030330534018,5.564110103406403,2.299999952316284,-0.00800013542175293,0.14999985694885254,7.75,0.25,0.25,4.3,0.005760815420077472,-0.1763024562838274,-0.0005852793323867511,-1.4211076280041812,0.008893302328543145,-4.68470533014197,0.7514285714285714,5.450000047683716,0.7514285714285714,,,0
2019-01-01,19.57238079252697,1.3010407437082316,-5.380776933560096,2.3399999141693115,0.039999961853027344,0.06199979782104492,7.75,0.0,0.25,5.0,0.005840223621594829,-0.7482534674135043,-0.002452976616802012,6.894216563758748,0.006133778487380554,7.164351788598378,0.6455,5.4100000858306885,0.6455,,,0
2019-02-01,15.234736844112998,0.26256292765664474,-4.337643948413973,2.382999897003174,0.042999982833862305,0.07499980926513672,7.75,0.0,0.25,5.2,0.004129810282248143,-1.4973375028930491,-0.0016310051378293292,-1.421208073345026,0.008172854032709148,4.051900862409541,0.5765,5.367000102996826,0.5765,,,0
2019-03-01,14.485238075256348,0.06899564512387434,-0.7494987688566503,2.328000068664551,-0.05499982833862305,0.0280001163482666,7.75,0.0,0.0,5.3,0.0055218514867742775,-0.85558382579693,-0.00031837213482055135,0.47600775899721004,0.005281615256649853,5.949016249410932,0.717,5.421999931335449,0.717,,,0
2019-04-01,12.949047588166737,-0.33954834780828275,-1.5361904870896108,2.368000030517578,0.039999961853027344,0.0280001163482666,7.75,0.0,0.0,5.2,0.005079247670023726,-0.9955170436019282,0.0009494373877755834,2.4916890901379496,0.005202743079691779,1.5464887757901336,0.6077272727272728,5.381999969482422,0.6077272727272728,,,0
2019-05-01,16.721818056973543,0.6703446793230852,3.772770468806806,2.2929999828338623,-0.07500004768371582,-0.08999991416931152,7.75,0.0,0.0,5.1,0.004198308103837636,-1.3113505256264695,-0.0013235433829366415,4.142116145464425,0.008671284569640145,7.109812994599585,0.641904761904762,5.457000017166138,0.641904761904762,,,0
2019-06-01,15.835999870300293,0.44975322212938795,-0.8858181866732497,2.0350000858306885,-0.25799989700317383,-0.2929999828338623,7.5,-0.25,-0.25,4.7,0.004643256457590106,-1.095032754158478,-0.00043599121243362033,3.771391031686533,0.007698264175854118,10.405196267288908,0.39315789473684215,5.4649999141693115,0.39315789473684215,,,0
2019-07-01,13.30590907010165,-0.2440375965353353,-2.530090800198643,2.0299999713897705,-0.005000114440917969,-0.3380000591278076,7.25,-0.25,-0.5,4.6,0.004000352280171107,-1.320346131085157,-0.00019795582366652874,-0.9526943516779407,0.0066301474305996404,6.960812825473017,0.3826086956521739,5.2200000286102295,0.3826086956521739,,,0
2019-08-01,18.979090907356955,1.2352312751123844,5.673181837255305,1.9329999685287476,-0.09700000286102295,-0.36000001430511475,7.25,0.0,-0.5,4.3,0.007606069275823638,0.3606192581502806,0.0029628128182335326,0.019713052108039086,0.009035640377779508,2.8384097321166313,0.4509090909090908,5.317000031471252,0.4509090909090908,,,0
2019-09-01,15.558999872207641,0.30627282669018796,-3.420091035149314,1.7699999809265137,-0.1629999876022339,-0.2650001049041748,7.0,-0.25,-0.5,4.0,0.0049832933821361185,-0.8283692585502618,0.0009829411019650113,0.26057621335227044,0.006822605268006665,-0.6724050862176312,0.49285714285714294,5.230000019073486,0.49285714285714294,,,0
2019-10-01,15.466521760691768,0.27460668423346296,-0.0924781115158737,1.4980000257492065,-0.27199995517730713,-0.531999945640564,6.5,-0.5,-0.75,3.8,0.0037186436118291336,-1.3465867553239175,-0.0038874256639945047,5.343663410516242,0.00794411013640653,5.623952675976551,0.49739130434782614,5.0019999742507935,0.49739130434782614,,,0
2019-11-01,12.523499965667725,-0.49227314859190635,-2.943021795024043,1.5399999618530273,0.0419999361038208,-0.3930000066757202,6.5,0.0,-0.75,3.5,0.0037662465678439255,-1.2670802595625754,-0.001217046814292193,1.4302150325188556,0.006336233145808842,7.034454656387368,0.7184999999999999,4.960000038146973,0.7184999999999999,,,0
2019-12-01,13.756666637602306,-0.17294539893811076,1.2331666719345815,1.5049999952316284,-0.034999966621398926,-0.26499998569488525,6.25,-0.25,-0.75,3.0,0.00360361223930418,-1.2647441726969084,-0.00011503137252495341,3.7644315908575976,0.005700617164335283,10.538310033892696,0.7866666666666666,4.745000004768372,0.7866666666666666,,,0
2020-01-01,13.94095243726458,-0.1420493546321736,0.18428579966227332,1.5099999904632568,0.004999995231628418,0.011999964714050293,6.25,0.0,-0.25,2.4,0.005517849431919285,-0.3700851775296683,0.0017516028640753595,1.0105416177322635,0.0088447023626479,6.205188241108717,0.748,4.740000009536743,0.748,,,0
2020-02-01,19.628947358382376,1.3120329315581374,5.687994921117797,1.2300000190734863,-0.2799999713897705,-0.309999942779541,6.0,-0.25,-0.5,2.3,0.008227086508769311,0.8666179790561215,0.0046234742694651314,-9.476860659272157,0.016229963709845814,-4.701887450682296,0.7489473684210527,4.769999980926514,0.7489473684210527,,,0
2020-03-01,57.7368184002963,5.172818272120605,38.107871041913924,0.029999999329447746,-1.2000000197440386,-1.4749999959021807,6.0,0.0,-0.25,2.5,0.027634646114473815,4.967471530977223,0.022116796682554528,-9.919643664868815,0.04153387139094749,-18.38596270640871,0.7647619047619049,5.970000000670552,0.7647619047619049,,,2
2020-04-01,41.45380964733305,2.712942755064383,-16.283008752963248,0.09000000357627869,0.06000000424683094,-1.4199999868869781,5.5,-0.5,-0.75,3.1,0.011608292857224627,1.0863888296135917,0.003381206348455316,5.650088954101795,0.018612435880599004,-13.746415370039175,0.7545454545454544,5.409999996423721,0.7545454545454544,,,2
2020-05-01,30.89700002670288,1.454259324693189,-10.556809620630172,0.12800000607967377,0.03800000250339508,-1.1020000129938126,5.5,0.0,-0.5,3.0,0.009507434910562195,0.5780714921560501,-0.01812721120391162,3.1793288085673277,0.014139375265719128,-1.090225902199692,0.9878947368421053,5.371999993920326,0.9878947368421053,,,2
2020-06-01,31.11954550309615,1.3870045969021052,0.22254547639326816,0.13500000536441803,0.006999999284744263,0.10500000603497028,4.5,-1.0,-1.5,3.2,0.008763666719403278,0.39285255830455373,-0.0028446261378213492,0.30604727927423525,0.010375640631120406,9.135465041943359,1.2245,4.364999994635582,1.2245,,,0
2020-07-01,26.840454621748492,0.8884254287221702,-4.279090881347656,0.08299999684095383,-0.0520000085234642,-0.00700000673532486,4.25,-0.25,-1.25,3.4,0.006928061340407415,-0.034686966523928345,-0.0025793735701547804,6.137726749213934,0.008052131196554823,9.623102837055498,1.539090909090909,4.167000003159046,1.539090909090909,,,0
2020-08-01,22.88952382405599,0.4453729524438261,-3.9509307976925037,0.0949999988079071,0.012000001966953278,-0.03300000727176666,4.25,0.0,-1.25,3.6,0.00898641706451459,0.4187894968189312,0.00022275034511131178,1.8763032154428982,0.009803724267438653,8.320077243931069,1.6866666666666668,4.155000001192093,1.6866666666666668,,,0
2020-09-01,27.647619065784273,0.8936018783089957,4.7580952417282845,0.08500000089406967,-0.009999997913837433,-0.05000000447034836,4.25,0.0,-0.25,3.7,0.008315127005019341,0.24277011673418517,0.001387065664611926,-2.0359346494583597,0.010024041227658754,5.978095315198473,1.8222727272727275,4.16499999910593,1.8222727272727275,,,0
2020-10-01,29.438636086203836,1.0226708764927315,1.791017020419563,0.08299999684095383,-0.0020000040531158447,0.0,4.25,0.0,0.0,4.0,0.008428345417233083,0.24288332322713305,-0.0005580716472815064,-7.406539531605838,0.009207380716077388,-7.566170965621298,1.656818181818182,4.167000003159046,1.656818181818182,,,0
2020-11-01,24.995500087738037,0.5210231337952308,-4.443135998465799,0.07500000298023224,-0.007999993860721588,-0.019999995827674866,4.25,0.0,0.0,4.4,0.00879640770907745,0.3256033494486859,0.0004812807040581093,15.498086910789443,0.011715445151746893,6.055612729725247,1.6095,4.174999997019768,1.6095,,,0
2020-12-01,22.374090974981133,0.2119931362003668,-2.621409112756904,0.06499999761581421,-0.01000000536441803,-0.020000003278255463,4.25,0.0,0.0,4.9,0.008740061879283868,0.28494040602513404,0.00031171646205078486,5.838624809170612,0.009759397738802095,13.930172188354216,1.574090909090909,4.185000002384186,1.574090909090909,,,0
2021-01-01,24.90999984741211,0.44793268769697814,2.5359088724309764,0.04800000041723251,-0.016999997198581696,-0.034999996423721313,4.25,0.0,0.0,5.2,0.007320146605680115,-0.07608876777480865,-0.0014762611033973354,-0.36302428490391225,0.01120790194610042,20.973687435056146,1.7973684210526315,4.2019999995827675,1.7973684210526315,,,0
2021-02-01,23.140526219418174,0.2538129938564889,-1.7694736279939356,0.03500000014901161,-0.013000000268220901,-0.04000000283122063,4.25,0.0,0.0,5.7,0.005763854696538136,-0.43046607449133567,-0.0029762071827457324,2.122615645478043,0.011848762923343583,7.598216169744744,1.845,4.214999999850988,1.845,,,0
2021-03-01,21.843043534652047,0.10466383002045504,-1.297482684766127,0.013000000268220901,-0.02199999988079071,-0.05199999734759331,4.5,0.25,0.25,5.8,0.007030970342858788,-0.13295481070412374,-0.0002891762628213267,5.829132634127476,0.010013327444008497,7.588723994701609,1.5727272727272728,4.486999999731779,1.5727272727272728,,,0
2021-04-01,17.416190556117467,-0.3726746922065495,-4.42685297853458,0.003000000026077032,-0.01000000024214387,-0.04500000039115548,5.0,0.5,0.75,5.5,0.006663135196979524,-0.1799566014934988,0.0008992805004413885,0.06437632889486622,0.006561930685227774,8.016124608500387,1.4800000000000002,4.996999999973923,1.4800000000000002,,,0
2021-05-01,19.7604998588562,-0.13658635176503275,2.3443093027387327,0.00800000037997961,0.005000000353902578,-0.026999999769032,5.0,0.0,0.75,6.0,0.004564294599123648,-0.6686557901413352,-0.00246667574373514,5.012129876199212,0.007663417385279576,10.905638839221556,1.273,4.99199999962002,1.273,,,0
2021-06-01,16.956818147139117,-0.45566622533037204,-2.8036817117170827,0.03999999910593033,0.03199999872595072,0.026999998837709427,5.5,0.5,1.0,6.5,0.004190703801203374,-0.7441221066443867,-0.0024724313957761503,3.2303108753226617,0.006545613401574632,8.306817080416742,0.770909090909091,5.46000000089407,0.770909090909091,,,0
2021-07-01,17.60333351861863,-0.40179907248562147,0.6465153714795129,0.03999999910593033,0.0,0.036999999079853296,6.5,1.0,1.5,6.5,0.005022068842123811,-0.5239566153352634,0.00045777424300016273,-1.829067187554212,0.007812625649121309,6.413373563967664,0.37954545454545463,6.46000000089407,0.37954545454545463,,,0
2021-08-01,17.47772723978216,-0.4356914224967807,-0.12560627883647157,0.03999999910593033,0.0,0.03199999872595072,6.5,0.0,1.5,6.68,0.004442152170841403,-0.6294054938786835,0.000251448369638029,3.90764294432715,0.007690003618074996,5.308886632095602,0.3227272727272727,6.46000000089407,0.3227272727272727,,,0
2021-09-01,19.8247617994036,-0.19653254309748547,2.3470345596214415,0.02800000086426735,-0.011999998241662979,-0.011999998241662979,6.75,0.25,1.25,7.4,0.004202518263879846,-0.6573767692690645,-0.0008195505782439653,4.709414243405519,0.0073949395896843245,6.787990000178459,0.2513636363636364,6.721999999135733,0.2513636363636364,,,0
2021-10-01,17.869047573634557,-0.4133361829400419,-1.955714225769043,0.04800000041723251,0.019999999552965164,0.008000001311302185,7.5,0.75,1.0,8.13,0.005811301551724674,-0.2604593623467263,0.0013691493808832712,1.1326856027878973,0.009964824880218884,9.749742790520568,0.08904761904761914,7.4519999995827675,0.08904761904761914,,,1
2021-11-01,18.500476246788388,-0.3386468572189518,0.631428673153831,0.04800000041723251,0.0,0.008000001311302185,7.5,0.0,1.0,8.4,0.009035825148368615,0.520648077978825,0.0048333068844887694,-6.250841255647588,0.015192459740474293,-0.40874140945417015,-0.31523809523809526,7.4519999995827675,-0.31523809523809526,,,1
2021-12-01,21.354545506564055,-0.003931171709665208,2.8540692597756667,0.032999999821186066,-0.015000000596046448,0.004999998956918716,8.5,1.0,1.75,8.39,0.004438327271103241,-0.5880886203311418,-0.001372974280621433,-2.6558973263879015,0.017062134020538113,-7.774052979247591,-0.15181818181818157,8.467000000178814,-0.15181818181818157,,,1
2022-01-01,23.18100004196167,0.19212849777940988,1.826454535397616,0.17299999296665192,0.13999999314546585,0.1249999925494194,8.5,0.0,1.0,8.73,0.010612190413996992,0.8688297828574266,0.0015763652656283766,-6.782743363031529,0.028505647060594996,-15.689481945067016,-0.13750000000000026,8.327000007033348,-0.13750000000000026,,,0
2022-02-01,25.74842111687911,0.4525713321059562,2.5674210749174406,0.2879999876022339,0.11499999463558197,0.23999998718500137,20.0,11.5,12.5,9.15,0.01918012199383507,2.5577918869007026,0.01474179472273183,-30.022262122663523,0.11096776862989588,-39.46090281208295,-0.48666666666666664,19.712000012397766,-0.48666666666666664,,,2
2022-03-01,26.968695682028066,0.5554005559889045,1.220274565148955,0.49300000071525574,0.20500001311302185,0.46000000089406967,20.0,0.0,11.5,16.69,0.11516645626694871,5.65154649853624,0.10455426585295172,9.432581163950982,0.0437458180199445,-27.37242432174407,-1.7244444444444444,19.506999999284744,-1.7244444444444444,,,2
2022-04-01,24.37350015640259,0.22474298264210182,-2.5951955256254777,0.8080000281333923,0.3150000274181366,0.6350000351667404,17.0,-3.0,8.5,17.83,0.026586513131561792,0.8307511828926523,0.007406391137726721,-9.555728921196827,0.027238813983241406,-30.14540987990937,-0.37761904761904763,16.191999971866608,-0.37761904761904763,,,2
2022-05-01,29.445714587257022,0.7730559244747858,5.072214430854434,1.0299999713897705,0.22199994325637817,0.7419999837875366,11.0,-6.0,-9.0,17.1,0.03619218332198474,1.2684966710681103,-0.07897427294496398,-3.657002365153883,0.020501529542582435,-3.7801501223997254,0.0472222222222222,9.97000002861023,0.0472222222222222,,,2
2022-06-01,28.100000018165225,0.5796768037979693,-1.3457145690917969,1.600000023841858,0.5700000524520874,1.1070000231266022,9.5,-1.5,-10.5,15.9,0.20108177835969465,4.989310596606777,0.17449526522813286,-6.405599165605436,0.020539992363411506,-19.61833045195614,-0.0009523809523809321,7.899999976158142,-0.0009523809523809321,,,2
2022-07-01,24.86850004196167,0.16772064993389163,-3.231499976203555,2.2980000972747803,0.6980000734329224,1.490000069141388,8.0,-1.5,-9.0,15.1,0.2092189771615307,3.824657997487707,0.17302679383954597,0.40637506137148893,0.014725507147974798,-9.656226469387825,0.7838095238095237,5.70199990272522,0.7838095238095237,,,2
2022-08-01,22.169565366662066,-0.1650416797441221,-2.698934675299604,2.859999895095825,0.5619997978210449,1.8299999237060547,8.0,0.0,-3.0,14.3,0.019107800616001234,-0.08875732593903288,-0.18197397774369342,8.414001861097864,0.015212260987770856,2.41477775686392,1.2082608695652173,5.140000104904175,1.2082608695652173,,,2
2022-09-01,27.406190418061755,0.4265513479087195,5.236625051399688,3.180000066757202,0.32000017166137695,1.5800000429153442,7.5,-0.5,-2.0,13.68,0.025413356153619074,0.029382210419730992,-0.18380562100791165,-18.44813527543433,0.030162404588553234,-9.627758352964973,1.508181818181818,4.319999933242798,1.508181818181818,,,2
2022-10-01,30.005714416503906,0.6977650433453271,2.5995239984421517,3.9749999046325684,0.7949998378753662,1.676999807357788,7.5,0.0,-0.5,12.63,0.025927767026174164,0.02733830216939281,0.0068199664101729306,10.693249539549132,0.019156871103976146,0.6591161252126696,1.8904761904761902,3.5250000953674316,1.8904761904761902,,,0
2022-11-01,23.436190650576638,-0.14451626031882536,-6.5695237659272685,4.252999782562256,0.2779998779296875,1.3929998874664307,7.5,0.0,-0.5,11.98,0.014547759169918097,-0.21456850391975638,-0.010865596983700977,0.36554439803773153,0.01105029323749912,-7.389341337847461,2.319523809523809,3.247000217437744,2.319523809523809,,,0
2022-12-01,21.784285681588308,-0.390183555707317,-1.6519049689883296,4.260000228881836,0.007000446319580078,1.0800001621246338,7.5,0.0,0.0,11.94,0.02995968085846224,0.08979860747549862,0.004031913832288077,-0.9385895726615634,0.005862836816548205,10.120204364925304,2.4709090909090907,3.239999771118164,2.4709090909090907,,,0
2023-01-01,20.202999973297118,-0.6315297898848495,-1.5812857082911904,4.570000171661377,0.309999942779541,0.5950002670288086,7.5,0.0,0.0,11.77,0.018717619509198154,-0.1516996029520679,0.004169860339280056,3.3182913013261706,0.007325778554159945,2.7452461267023414,2.53047619047619,2.929999828338623,2.53047619047619,,,0
2023-02-01,20.06210537960655,-0.652461962466734,-0.14089459369056812,4.710000038146973,0.1399998664855957,0.4570002555847168,7.5,0.0,0.0,10.99,0.023564797695249846,-0.05976683594235369,-0.0063948831632123955,1.2383093657368116,0.01020862221552532,3.6180110944014214,2.5536842105263156,2.7899999618530273,2.5536842105263156,,,0
2023-03-01,21.644347895746645,-0.46213374399339396,1.582242516140095,4.585000038146973,-0.125,0.3249998092651367,7.5,0.0,0.0,3.51,0.8208803895152929,5.484991985594717,0.8021627700060947,8.76591176259296,0.011342282331057675,13.322512429655944,2.5327272727272727,2.9149999618530273,2.5327272727272727,,,0
2023-04-01,17.8178946344476,-1.3100016515771093,-3.8264532612990436,4.922999858856201,0.3379998207092285,0.3529996871948242,7.5,0.0,0.0,2.31,0.00673330227654098,-0.295292752556613,-0.016831495418708865,7.519169264144132,0.006523974064698349,17.523390392473907,2.8525,2.577000141143799,2.8525,,,0
2023-05-01,17.64409099925648,-1.295182344503612,-0.17380363519112052,5.248000144958496,0.3250002861022949,0.5380001068115234,7.5,0.0,0.0,2.51,0.010560525806847534,-0.26834605391085536,-0.8103198637084453,3.138589607766873,0.011085040826115895,19.42367063450397,2.828095238095238,2.251999855041504,2.828095238095238,,,0
2023-06-01,13.994285628909157,-2.0572203756575207,-3.649805370347323,5.1529998779296875,-0.0950002670288086,0.5679998397827148,7.5,0.0,0.0,3.25,0.012873233892529395,-0.25279358573814037,0.006139931615988415,2.9338038798708554,0.00714196132975991,13.591562751781861,2.6157142857142857,2.3470001220703125,2.6157142857142857,,,0
2023-07-01,13.943999910354615,-1.90522512470229,-0.05028571855454267,5.248000144958496,0.0950002670288086,0.3250002861022949,8.5,1.0,1.0,4.3,0.008581177204574525,-0.2836256093055393,-0.00197934860227301,9.87105285481935,0.006884030138971434,15.94344634245708,2.270952380952381,3.251999855041504,2.270952380952381,,,0
2023-08-01,15.853912975477135,-1.3760999484524286,1.9099130651225202,5.297999858856201,0.04999971389770508,0.04999971389770508,12.0,3.5,4.5,5.15,0.015780415432329088,-0.2339212329001178,0.002907181539799693,5.026516682426396,0.009529610242265268,17.831373417116602,1.0517391304347825,6.702000141143799,1.0517391304347825,,,0
2023-09-01,15.241000032424926,-1.4284832052072751,-0.6129129430522084,5.300000190734863,0.0020003318786621094,0.14700031280517578,13.0,1.0,5.5,6.0,0.011479386611601656,-0.26514862289443997,0.0028982094070271313,-2.934642943606891,0.010023373085082483,11.962926593638857,-0.20523809523809508,7.699999809265137,-0.20523809523809508,,,0
2023-10-01,18.887727303938433,-0.5664734654637248,3.646727271513507,5.320000171661377,0.019999980926513672,0.07200002670288086,15.0,2.0,6.5,6.69,0.012342332867752307,-0.25984585014141826,-0.0034380825645767814,2.1610067701519853,0.005552216603121246,4.252880508971492,-0.3918181818181818,9.679999828338623,-0.3918181818181818,,,0
2023-11-01,14.077142897106352,-1.5815736781408047,-4.810584406832081,5.23799991607666,-0.0820002555847168,-0.059999942779541016,15.0,0.0,3.0,7.48,0.007515003634657611,-0.2938792208519097,-0.0039643829769440446,-1.099039727414164,0.004832183374444938,-1.8726759008690679,0.05318181818181834,9.76200008392334,0.05318181818181834,,,0
2023-12-01,12.718499994277954,-1.749109899065238,-1.3586429028283984,5.179999828338623,-0.05800008773803711,-0.12000036239624023,16.0,1.0,3.0,7.42,0.014513707574547799,-0.2453582837191511,0.002171374706795492,-2.1062651286997913,0.008107288472164131,-1.0442980859619682,-0.12952380952380954,10.820000171661377,-0.12952380952380954,,,0
2024-01-01,13.395238149733771,-1.4985647312089054,0.6767381554558174,5.188000202178955,0.008000373840332031,-0.13199996948242188,16.0,0.0,1.0,7.44,0.0094410609055374,-0.28187269201318943,0.0019260572708797883,3.7133186623081516,0.003661945300924128,0.5080138061941981,-0.9357142857142855,10.811999797821045,-0.9357142857142855,,,0
2024-02-01,13.944000101089477,-1.299893356734409,0.548761951355706,5.2230000495910645,0.034999847412109375,-0.014999866485595703,16.0,0.0,1.0,7.69,0.0048241069127115425,-0.3144935535666419,-0.009689600661836256,1.3256872866459268,0.008437008298606385,2.932740820254289,-1.1280000000000001,10.776999950408936,-1.1280000000000001,,,0
2024-03-01,13.787499904632568,-1.2578763568485427,-0.15650019645690882,5.203000068664551,-0.019999980926513672,0.023000240325927734,16.0,0.0,0.0,7.72,0.00609095593278526,-0.30528393697812467,-0.0033501049727521397,2.3252879923039593,0.004508779745294068,7.3642939412580395,-0.7035,10.79699993133545,-0.7035,,,0
2024-04-01,16.137727087194268,-0.7656192698152626,2.3502271825616994,5.244999885559082,0.04199981689453125,0.05699968338012695,16.0,0.0,0.0,7.84,0.005066271250916436,-0.31222189032784275,0.00024216433820489335,4.11999434727055,0.004896256558491234,7.770969626220438,-0.4569565217391306,10.755000114440918,-0.4569565217391306,,,0
2024-05-01,13.090454535050826,-1.314278431542393,-3.0472725521434416,5.244999885559082,0.0,0.021999835968017578,16.0,0.0,0.0,8.3,0.007693178893689222,-0.2942242391625064,0.0016022229609039618,-7.2810521273499855,0.009204113262873822,-0.8357697877754742,-0.7866666666666668,10.755000114440918,-0.7866666666666668,,,0
2024-06-01,12.676842037000155,-1.3418902175599206,-0.41361249805067146,5.2129998207092285,-0.032000064849853516,0.009999752044677734,16.0,0.0,0.0,8.59,0.017917982996422874,-0.22441167214598157,0.012851711745506438,-0.03978718447427143,0.013714065824257604,-3.200844964553705,-1.2321052631578941,10.787000179290771,-1.2321052631578941,,,0
2024-07-01,14.470000050284646,-0.9655638785356473,1.7931580132844918,5.135000228881836,-0.07799959182739258,-0.1099996566772461,18.0,2.0,2.0,9.13,0.011999518583010795,-0.2680111519942859,0.004306339689321573,-6.710711523098201,0.013560784071635705,-14.031550834922456,-1.3630434782608696,12.864999771118164,-1.3630434782608696,,,0
2024-08-01,19.31227272207087,-0.046448721398749324,4.842272671786223,4.9679999351501465,-0.16700029373168945,-0.27699995040893555,18.0,0.0,2.0,9.05,0.013194811059029558,-0.2613694351185304,-0.004723171937393316,-9.93516114562235,0.014188709301477774,-16.68565985319482,-1.862727272727273,13.032000064849854,-1.862727272727273,,,0
2024-09-01,17.768999814987183,-0.3316724952406377,-1.5432729070836864,4.498000144958496,-0.4699997901916504,-0.7149996757507324,19.0,1.0,3.0,8.63,0.013206145232126565,-0.263211750024301,0.0012066266491157704,7.819433125056596,0.01756439254610627,-8.826439543663954,-2.766190476190476,14.501999855041504,-2.766190476190476,,,0
2024-10-01,19.96086958180303,0.07804732518504894,2.1918697668158487,4.432000160217285,-0.06599998474121094,-0.7030000686645508,21.0,2.0,3.0,8.54,0.011808068376152168,-0.27445946352343314,-0.0013867426828773899,-10.406080712216026,0.0115050668581404,-12.521808732781778,-3.5113043478260866,16.567999839782715,-3.5113043478260866,,,0
2024-11-01,16.121000051498413,-0.6438075381154716,-3.839869530304618,4.373000144958496,-0.05900001525878906,-0.5949997901916504,21.0,0.0,3.0,8.88,0.021186313675176222,-0.21014843118281867,0.007980168443049657,0.6952581829544613,0.01652333883928943,-1.8913894042049666,-4.734761904761905,16.626999855041504,-4.734761904761905,,,0
2024-12-01,15.866190592447916,-0.6603459665402786,-0.254809459050497,4.208000183105469,-0.16499996185302734,-0.28999996185302734,21.0,0.0,2.0,9.52,0.023398852315957355,-0.19832646735161866,0.011590783939805187,11.832428238944924,0.024226222451915295,2.1216057096833616,-4.291818181818181,16.79199981689453,-4.291818181818181,,,0
2025-01-01,16.74600019454956,-0.4611122174995658,0.879809602101643,4.188000202178955,-0.019999980926513672,-0.24399995803833008,21.0,0.0,0.0,9.92,0.014569409858113782,-0.2622094046029354,-0.006616903817062441,2.256645762805931,0.01355776128330451,14.784332184705319,-2.1855,16.811999797821045,-2.1855,,,0
2025-02-01,17.052105351498252,-0.3642999960587154,0.3061051569486928,4.192999839782715,0.004999637603759766,-0.18000030517578125,21.0,0.0,0.0,10.06,0.015763368223131246,-0.2529626781820708,-0.007635484092826109,8.560767952240433,0.01768180585235737,22.64984195399129,-2.117,16.807000160217285,-2.117,,,0
2025-03-01,21.841428756713867,0.6191980316601966,4.789323405215615,4.192999839782715,0.0,-0.015000343322753906,21.0,0.0,0.0,10.34,0.014873527529856176,-0.23995867720107755,0.00030411767174239393,-5.846623006549012,0.013950248277674259,4.970790708497353,-1.274761904761905,16.807000160217285,-1.274761904761905,,,0
2025-04-01,31.966190701439267,2.4283424400007454,10.1247619447254,4.190000057220459,-0.0029997825622558594,0.0019998550415039062,21.0,0.0,0.0,10.23,0.014229201854174596,-0.2419914077605379,-0.00153416636895665,-3.148976557729588,0.01934700271250499,-0.4348316120381659,-1.3604545454545454,16.80999994277954,-1.3604545454545454,,,0
2025-05-01,20.457142784481956,0.3414124275766608,-11.50904791695731,4.23199987411499,0.04199981689453125,0.03900003433227539,21.0,0.0,0.0,9.88,0.013456911315426326,-0.24281326414416868,-0.0014166162144298496,-3.071472381076379,0.01861123969718002,-12.067071945354979,-1.1045000000000003,16.76800012588501,-1.1045000000000003,,,0
2025-06-01,18.21500015258789,-0.05126942866291686,-2.2421426318940654,4.190000057220459,-0.04199981689453125,-0.0029997825622558594,20.0,-1.0,-1.0,9.4,0.010934150330478122,-0.22698322231508064,-0.0032950515236964736,0.655748136155232,0.010565796813274162,-5.564700802650734,-0.5075000000000001,15.809999942779541,-0.5075000000000001,,,0
2025-07-01,16.331363461234353,-0.405413759819287,-1.8836366913535372,4.235000133514404,0.04500007629394531,0.04500007629394531,18.0,-2.0,-3.0,8.79,0.01015656341559747,-0.19663132689758375,-0.003300347899828856,-4.047931782902181,0.01394504731875077,-6.463656027823326,0.20782608695652185,13.764999866485596,0.20782608695652185,,,0
2025-08-01,15.749999954586936,-0.495248212338951,-0.581363506647417,4.043000221252441,-0.1919999122619629,-0.18899965286254883,18.0,0.0,-3.0,8.14,0.012572152863948772,-0.17729578556883527,0.0016380025334706491,6.1219858571365915,0.013056216235269407,2.729802210389644,0.6257142857142857,13.956999778747559,0.6257142857142857,,,0
2025-09-01,15.773333458673386,-0.4468987469903657,0.023333504086449963,3.8450000286102295,-0.19800019264221191,-0.3450000286102295,17.0,-1.0,-3.0,7.98,0.011221053186228729,-0.1843302600156041,0.0010644897706312585,-7.407790631100452,0.009242181919519771,-5.3337365568660395,0.34909090909090923,13.15499997138977,0.34909090909090923,,,0
2025-10-01,18.086521770643152,0.18224448084765518,2.313188311969766,3.7179999351501465,-0.127000093460083,-0.5170001983642578,16.5,-0.5,-1.5,7.71,0.010944888303322393,-0.18321521353993278,-0.0016272645606263784,-5.937569842807122,0.02154324547935811,-7.223374616770981,0.1508695652173911,12.782000064849854,0.1508695652173911,,,0
2025-11-01,19.904210642764443,0.7053366633128585,1.8176888721212912,3.697000026702881,-0.020999908447265625,-0.34600019454956055,16.5,0.0,-1.5,6.64,0.008864210269014036,-0.19744563203617346,-0.0023568429172146927,5.988436559480448,0.013551366713913007,-7.356923914427124,0.24650000000000008,12.80299997329712,0.24650000000000008,,,0
2025-12-01,15.548181880604137,-0.4325485623437985,-4.356028762160307,3.546999931335449,-0.15000009536743164,-0.2980000972747803,16.0,-0.5,-1.0,5.59,0.011016558771262293,-0.17748975824353563,7.167046793989974e-05,3.3701735900942165,0.007618480350027979,3.4210403067675443,-0.0845454545454546,12.45300006866455,-0.0845454545454546,,,0
2026-01-01,16.04599995613098,-0.26625019227053864,0.497818075526844,3.572000026702881,0.02500009536743164,-0.14599990844726562,,,,,0.014037917204159787,-0.15409224802398222,0.005173706935145751,0.5826604304169036,0.005954645013126948,9.94127057999157,0.03631578947368418,,0.03631578947368418,,,0
2026-02-01,19.23947384482936,0.630964900397321,3.193473888698378,3.578000068664551,0.006000041961669922,-0.11899995803833008,,,,,0.008321832611716646,-0.19326125056345284,-0.0026947261595456472,0.5893471901794678,0.00626676604993135,4.54218121069059,-0.2142105263157891,,-0.2142105263157891,,,0
2026-03-01,25.59681831706654,2.2493257572570693,6.35734447223718,3.5999999046325684,0.021999835968017578,0.05299997329711914,,,,,0.014484710931299119,0.6167053665211422,0.00044679372713933227,-0.8134641354130223,0.007407301244542452,0.3585434851833509,0.2300000000000001,,0.2300000000000001,,,0
2026-04-01,19.811904907226562,0.7002304356465656,-5.784913409839977,3.5850000381469727,-0.014999866485595703,0.013000011444091797,,,,,0.008958812094519564,-0.7775265832330462,0.0006369794828029185,-4.255916898684253,0.008124185794823876,-4.480033843917806,0.9472727272727272,,0.9472727272727272,,,0
2026-05-01,17.237142926170712,0.02690533183454703,-2.5747619810558504,3.5880000591278076,0.003000020980834961,0.009999990463256836,,,,,0.009299121079927334,-0.6799308107638578,-0.005185589851371785,-3.4835471990550038,0.010335629333048576,-8.552928233152278,1.3359999999999999,,1.3359999999999999,,,0
2026-06-01,17.65428570338658,0.11088490231813873,0.4171427772158687,3.634999990463257,0.04699993133544922,0.03500008583068848,,,,,0.00894929734484744,-0.734774971901524,-9.514749672123388e-06,-1.743445028667645,0.010777830090635933,-9.482909126406899,,,,,,0
